287.168,287.16135,287.15842,287.15744,287.15555,287.157,287.15894,287.1671,287.17114,287.17953,287.1818,287.1938,287.21088,287.24216,287.26495,287.2779,287.31647,287.31467,287.3855,287.33273,287.45944,287.32727,287.5833,287.2549,287.89725,287.07358,288.44995,286.54254,289.5995,285.15402,292.1137,281.75525,297.55576,274.09686,309.43277,257.0274,335.74838,221.67513,392.75952,126.51325,529.3734,-72.001785,839.88477,-538.7745,1506.4988,-1544.278,3033.5195,-3832.9434,6473.747,-9029.665,14253.4375,-20447.34,31044.137,-46446.805,70685.11,-104117.26,158563.89,-233069.83,343873.5,-641897.25,947562.56,-1.4671936e+06,2.2007905e+06,-2.9343872e+06,1.3693807e+07,-7.825033e+06,1.1737549e+07,-1.5650066e+07,0.0,0.0,0.0,7.2616305e+09,-5.008021e+08,2.0032084e+09,-2.0032084e+09,0.0,1.6025668e+10,-1.6025668e+12,6.410267e+10,-1.2820534e+11,2.5641068e+11,0.0,0.0,-5.743599e+13,0.0,0.0,0.0,-1.3128227e+15,2.3630808e+15,-8.927194e+15,1.680413e+16,0.0,0.0,1.1762891e+17,-4.3690737e+17,8.065982e+17,-8.065982e+17,0.0,0.0,-9.679179e+18,2.1509286e+19,-4.732043e+19,1.5486686e+20,3.441486e+19,,,,,,,,,,,,,,,,,,,,,,,,,,,,,,,,,,,,,,,,,,,,,,,,,,,,,,,,,,,,,,,,,,,,,,,,,,,,,,,,,,,,,,,,,,,,,,,,,,,,,,,,,,,,,,,,,,,,,,,,,,,,,,,,,,,,,,,,,,,,,,,,,,,,,,,,,,,,,,,,,,,,,,,,,,,,,,,,,,,,,,,,,,,,,,,,,,,,,,,,,,,,,,,,,,,,,,,,,,,,,,,,,,,,,,,,,,,,,,,,,,,,,,,,,,,,,,,,,,,,,,,,,,,,,,,,,,,,,,,,,,,,,,,,,,,,,,,,,,,,,,,,,,,,,,,,,,,,,,,,,,,,,,,,,,,,,,,,,,,,,,,,,,,,,,,,,,,,,,,,,,,,,,,,,,,,,,,,,,,,,,,,,,,,,,,,,,,,,,,,,,,,,,,,,,,,,,,,,,,,,,,,,,,,,,,,,,,,,,,,,,,,,,,,,,,,,,,,,,,,,,,,,,,,,,,,,,,,,,,,,,,,,,,,,,,,,,,,,,,,,,,,,,,,,,,,,,,,,,,,,,,,,,,,,,,,,,,,,,,,,,,,,,,,,,,,,,,,,,,,,,,,,,,,,,,,,,,,,,,,,,,,,,,,,,,,,,,,,,,,,,,,,,,,,,,,,,,,,,,,,,,,,,,,,,,,,,,,,,,,,,,,,,,,,,,,,,,,,,,,,,,,,,,,,,,,,,,,,,,,,,,,,,,,,,,,,,,,,,,,,,,,,,,,,,,,,,,,,,,,,,,,,,,,,,,,,,,,,,,,,,,,,,,,,,,,,,,,,,,,,,,,,,,,,,,,,,,,,,,,,,,,,,,,,,,,,,,,,,,,,,,,,,,,,,,,,,,,,,,,,,,,,,,,,,,,,,,,,,,,,,,,,,,,,,,,,,,,,,,,,,,,,,,,,,,,,,,,,,,,,,,,,,,,,,,,,,,,,,,,,,,,,,,,,,,,,,,,,,,,,,,,,,,,,,,,,,,,,,,,,,,,,,,,,,,,,,,,,,,,,,,,,,,,,,,,,,,,,,,,,,,,,,,,,,,,,,,,,,,,,,,,,,,,,,,,,,,,,,,,,,,,,,,,,,,,,,,,,,,,,,,,,,,,,,,,,,,,,,,,,,,,,,,,,,,,,,,,,,,,,,,,,,,,,,,,,,,,,,,,,,,,,,,,,,,,,,,,,,,,,,,,,,,,,,,,,,,,,,,,,,,,,,,,,,,,,,,,,,,,,,,,,,,,,,,,,,,,,,,,,,,,,,,,,,,,,,,,,,,,,,,,,
287.17526,287.16663,287.1609,287.15924,287.15692,287.157,287.15866,287.16388,287.17017,287.1752,287.18182,287.18707,287.20593,287.22586,287.26056,287.26437,287.30817,287.30408,287.36847,287.339,287.42087,287.3648,287.49463,287.38293,287.684,287.36066,287.96988,287.19937,288.48892,286.71506,289.48624,285.46353,291.588,282.5295,296.20993,275.82486,306.53268,260.61096,329.58475,226.26338,381.38516,148.78598,497.7794,-25.553528,759.6105,-418.0212,1348.5328,-1301.1837,2673.4868,-3288.448,5654.541,-7759.8726,12361.767,-17820.709,27453.006,-40457.574,61408.25,-91390.516,137807.6,-205989.75,309706.34,-463837.94,696478.4,-1.04399606e+06,1.5667144e+06,-2.3493495e+06,3.5247452e+06,-5.2863965e+06,7.9303165e+06,-1.1894753e+07,1.784285e+07,-2.6763488e+07,4.0145904e+07,-6.0218136e+07,9.032792e+07,-1.3549117e+08,2.0323746e+08,-3.048569e+08,4.5728717e+08,-6.8593005e+08,1.0288958e+09,-1.543343e+09,2.3150154e+09,-3.4725276e+09,5.2087956e+09,-7.813193e+09,1.171979e+10,-1.7579706e+10,2.6369548e+10,-3.9554376e+10,5.9331523e+10,-8.899721e+10,1.3349581e+11,-2.0024351e+11,3.0036564e+11,-4.505482e+11,6.7582224e+11,-1.01373385e+12,1.5206009e+12,-2.2809031e+12,3.4213535e+12,-5.132032e+12,7.698042e+12,-1.1547056e+13,,,,,,,,,,,,,,,,,,,,,,,,,,,,,,,,,,,,,,,,,,,,,,,,,,,,,,,,,,,,,,,,,,,,,,,,,,,,,,,,,,,,,,,,,,,,,,,,,,,,,,,,,,,,,,,,,,,,,,,,,,,,,,,,,,,,,,,,,,,,,,,,,,,,,,,,,,,,,,,,,,,,,,,,,,,,,,,,,,,,,,,,,,,,,,,,,,,,,,,,,,,,,,,,,,,,,,,,,,,,,,,,,,,,,,,,,,,,,,,,,,,,,,,,,,,,,,,,,,,,,,,,,,,,,,,,,,,,,,,,,,,,,,,,,,,,,,,,,,,,,,,,,,,,,,,,,,,,,,,,,,,,,,,,,,,,,,,,,,,,,,,,,,,,,,,,,,,,,,,,,,,,,,,,,,,,,,,,,,,,,,,,,,,,,,,,,,,,,,,,,,,,,,,,,,,,,,,,,,,,,,,,,,,,,,,,,,,,,,,,,,,,,,,,,,,,,,,,,,,,,,,,,,,,,,,,,,,,,,,,,,,,,,,,,,,,,,,,,,,,,,,,,,,,,,,,,,,,,,,,,,,,,,,,,,,,,,,,,,,,,,,,,,,,,,,,,,,,,,,,,,,,,,,,,,,,,,,,,,,,,,,,,,,,,,,,,,,,,,,,,,,,,,,,,,,,,,,,,,,,,,,,,,,,,,,,,,,,,,,,,,,,,,,,,,,,,,,,,,,,,,,,,,,,,,,,,,,,,,,,,,,,,,,,,,,,,,,,,,,,,,,,,,,,,,,,,,,,,,,,,,,,,,,,,,,,,,,,,,,,,,,,,,,,,,,,,,,,,,,,,,,,,,,,,,,,,,,,,,,,,,,,,,,,,,,,,,,,,,,,,,,,,,,,,,,,,,,,,,,,,,,,,,,,,,,,,,,,,,,,,,,,,,,,,,,,,,,,,,,,,,,,,,,,,,,,,,,,,,,,,,,,,,,,,,,,,,,,,,,,,,,,,,,,,,,,,,,,,,,,,,,,,,,,,,,,,,,,,,,,,,,,,,,,,,,,,,,,,,,,,,,,,,,,,,,,,,,,,,,,,,,,,,,,,,,,,,,,,,,,,,,,,,,,,,,,,,,,,,,,,,,,,,,,,,,,,,,,,,,,,,,,,,,,,,,,,,,,,,,,,,,,,,,,,,,,,,,,,,,,,,,,,,,,,,,,,,,,,,,,,,,,,,,,,,,,,,,,,,,,,,,,,,,,,,,,,,,,,,,,,,,,,,,,,,,,,,,,,,,,,,,,,,,,,,,,,,,,,,,,,,,,,,,,,,,,,,,,,,,,,,,,,
287.18408,287.17276,287.16483,287.16122,287.1589,287.1575,287.15866,287.16193,287.16806,287.17294,287.1791,287.18463,287.1978,287.21808,287.24503,287.26392,287.28482,287.3117,287.32953,287.36746,287.36182,287.42368,287.38852,287.5106,287.3929,287.75143,287.3358,288.1061,287.1607,288.67676,286.72897,289.65634,285.56207,291.8595,282.5909,296.99377,275.53128,311.5265,257.6365,328.74088,225.27756,383.1602,155.84499,483.84296,-7.258807,729.1141,-375.24576,1279.7139,-1192.6357,2472.0066,-2996.5903,5418.388,-7700.4814,11828.2,-16699.0,26570.91,-37684.945,60283.98,-85996.734,0.0,0.0,0.0,0.0,0.0,9.063493e+06,0.0,0.0,0.0,0.0,0.0,0.0,7.0644255e+09,0.0,0.0,0.0,-0.0,-0.0,-1.5883437e+12,-0.0,-0.0,-0.0,-0.0,-0.0,-5.8008445e+13,-0.0,-0.0,-0.0,-1.2876058e+15,2.3981484e+15,-8.983656e+15,1.690906e+16,-0.0,-0.0,1.15434384e+17,-4.4077528e+17,8.4376e+17,-8.0951674e+17,-0.0,-0.0,-1.1579119e+19,2.2387477e+19,-4.3350317e+19,1.6811951e+20,-0.0,,,,,,,,,,,,,,,,,,,,,,,,,,,,,,,,,,,,,,,,,,,,,,,,,,,,,,,,,,,,,,,,,,,,,,,,,,,,,,,,,,,,,,,,,,,,,,,,,,,,,,,,,,,,,,,,,,,,,,,,,,,,,,,,,,,,,,,,,,,,,,,,,,,,,,,,,,,,,,,,,,,,,,,,,,,,,,,,,,,,,,,,,,,,,,,,,,,,,,,,,,,,,,,,,,,,,,,,,,,,,,,,,,,,,,,,,,,,,,,,,,,,,,,,,,,,,,,,,,,,,,,,,,,,,,,,,,,,,,,,,,,,,,,,,,,,,,,,,,,,,,,,,,,,,,,,,,,,,,,,,,,,,,,,,,,,,,,,,,,,,,,,,,,,,,,,,,,,,,,,,,,,,,,,,,,,,,,,,,,,,,,,,,,,,,,,,,,,,,,,,,,,,,,,,,,,,,,,,,,,,,,,,,,,,,,,,,,,,,,,,,,,,,,,,,,,,,,,,,,,,,,,,,,,,,,,,,,,,,,,,,,,,,,,,,,,,,,,,,,,,,,,,,,,,,,,,,,,,,,,,,,,,,,,,,,,,,,,,,,,,,,,,,,,,,,,,,,,,,,,,,,,,,,,,,,,,,,,,,,,,,,,,,,,,,,,,,,,,,,,,,,,,,,,,,,,,,,,,,,,,,,,,,,,,,,,,,,,,,,,,,,,,,,,,,,,,,,,,,,,,,,,,,,,,,,,,,,,,,,,,,,,,,,,,,,,,,,,,,,,,,,,,,,,,,,,,,,,,,,,,,,,,,,,,,,,,,,,,,,,,,,,,,,,,,,,,,,,,,,,,,,,,,,,,,,,,,,,,,,,,,,,,,,,,,,,,,,,,,,,,,,,,,,,,,,,,,,,,,,,,,,,,,,,,,,,,,,,,,,,,,,,,,,,,,,,,,,,,,,,,,,,,,,,,,,,,,,,,,,,,,,,,,,,,,,,,,,,,,,,,,,,,,,,,,,,,,,,,,,,,,,,,,,,,,,,,,,,,,,,,,,,,,,,,,,,,,,,,,,,,,,,,,,,,,,,,,,,,,,,,,,,,,,,,,,,,,,,,,,,,,,,,,,,,,,,,,,,,,,,,,,,,,,,,,,,,,,,,,,,,,,,,,,,,,,,,,,,,,,,,,,,,,,,,,,,,,,,,,,,,,,,,,,,,,,,,,,,,,,,,,,,,,,,,,,,,,,,,,,,,,,,,,,,,,,,,,,,,,,,,,,,,,,,,,,,,,,,,,,,,,,,,,,,,,,,,,,,,,,,,,,,,,,,,,,,,,,,,,,,,,,,,
287.1941,287.18002,287.1698,287.1642,287.16104,287.15884,287.1588,287.16104,287.1658,287.1712,287.17627,287.18246,287.19162,287.21066,287.23178,287.2588,287.26974,287.3075,287.30887,287.36908,287.33795,287.4325,287.35013,287.54025,287.3263,287.81662,287.2056,288.2667,286.8327,289.1293,285.82523,290.89072,283.40494,294.73972,277.84814,303.3023,265.2679,322.42197,236.82356,365.36475,172.67703,461.7947,28.222256,678.73456,-296.872,1166.6536,-1028.5297,2264.36,-2674.8787,4734.052,-6379.259,10290.77,-14714.257,22793.28,-33468.027,50923.914,-75664.04,114217.85,-170605.03,256629.28,-384222.2,577054.8,-864860.7,1.2980125e+06,-1.9462972e+06,2.9201668e+06,-4.379529e+06,6.5700145e+06,-9.854299e+06,1.4782168e+07,-2.217253e+07,3.3259514e+07,-4.9888564e+07,7.483357e+07,-1.1224962e+08,1.6837514e+08,-2.5256195e+08,3.7884362e+08,-5.682645e+08,8.523975e+08,-1.2785956e+09,1.9178944e+09,-2.8768407e+09,4.3152614e+09,-6.4728914e+09,9.709337e+09,-1.4564007e+10,2.1846012e+10,-3.2769006e+10,4.9153503e+10,-7.373025e+10,1.1059539e+11,-1.6589308e+11,2.4883965e+11,-3.732594e+11,5.598891e+11,-8.3983375e+11,1.2597502e+12,-1.8896254e+12,2.834438e+12,-4.2516564e+12,6.3774833e+12,-9.566225e+12,1.4349341e+13,,,,,,,,,,,,,,,,,,,,,,,,,,,,,,,,,,,,,,,,,,,,,,,,,,,,,,,,,,,,,,,,,,,,,,,,,,,,,,,,,,,,,,,,,,,,,,,,,,,,,,,,,,,,,,,,,,,,,,,,,,,,,,,,,,,,,,,,,,,,,,,,,,,,,,,,,,,,,,,,,,,,,,,,,,,,,,,,,,,,,,,,,,,,,,,,,,,,,,,,,,,,,,,,,,,,,,,,,,,,,,,,,,,,,,,,,,,,,,,,,,,,,,,,,,,,,,,,,,,,,,,,,,,,,,,,,,,,,,,,,,,,,,,,,,,,,,,,,,,,,,,,,,,,,,,,,,,,,,,,,,,,,,,,,,,,,,,,,,,,,,,,,,,,,,,,,,,,,,,,,,,,,,,,,,,,,,,,,,,,,,,,,,,,,,,,,,,,,,,,,,,,,,,,,,,,,,,,,,,,,,,,,,,,,,,,,,,,,,,,,,,,,,,,,,,,,,,,,,,,,,,,,,,,,,,,,,,,,,,,,,,,,,,,,,,,,,,,,,,,,,,,,,,,,,,,,,,,,,,,,,,,,,,,,,,,,,,,,,,,,,,,,,,,,,,,,,,,,,,,,,,,,,,,,,,,,,,,,,,,,,,,,,,,,,,,,,,,,,,,,,,,,,,,,,,,,,,,,,,,,,,,,,,,,,,,,,,,,,,,,,,,,,,,,,,,,,,,,,,,,,,,,,,,,,,,,,,,,,,,,,,,,,,,,,,,,,,,,,,,,,,,,,,,,,,,,,,,,,,,,,,,,,,,,,,,,,,,,,,,,,,,,,,,,,,,,,,,,,,,,,,,,,,,,,,,,,,,,,,,,,,,,,,,,,,,,,,,,,,,,,,,,,,,,,,,,,,,,,,,,,,,,,,,,,,,,,,,,,,,,,,,,,,,,,,,,,,,,,,,,,,,,,,,,,,,,,,,,,,,,,,,,,,,,,,,,,,,,,,,,,,,,,,,,,,,,,,,,,,,,,,,,,,,,,,,,,,,,,,,,,,,,,,,,,,,,,,,,,,,,,,,,,,,,,,,,,,,,,,,,,,,,,,,,,,,,,,,,,,,,,,,,,,,,,,,,,,,,,,,,,,,,,,,,,,,,,,,,,,,,,,,,,,,,,,,,,,,,,,,,,,,,,,,,,,,,,,,,,,,,,,,,,,,,,,,,,,,,,,,,,,,,,,,,,,,,,,,,,,,,,,,,,,,,,,,,,,,,,,,,,,,,,,,,,,,,,,,,,,,,,,,,,,,,,,,,,,,,,,,,,,,,,,,,,,,,,,,,,,,,,,,,
287.20508,287.18842,287.1758,287.16818,287.1636,287.16077,287.15945,287.16077,287.16415,287.16937,287.17404,287.17993,287.18732,287.2034,287.2213,287.25024,287.25934,287.29776,287.29636,287.35956,287.32565,287.42487,287.33557,287.53418,287.30682,287.81042,287.182,288.2649,286.8463,289.0768,286.0444,290.6137,284.04288,294.06854,279.19568,302.017,267.91882,322.88702,240.4994,354.37,186.75983,440.75967,69.35142,613.0714,-201.30492,1021.23035,-813.50555,1940.1954,-2189.449,4006.9592,-5285.3003,8746.778,-12404.322,19372.62,-28223.213,42691.715,-63579.27,98428.375,-147901.6,221746.75,-318768.16,487383.53,-670638.7,829688.2,-833726.25,1.675047e+06,-3.3643545e+06,6.755435e+06,-1.356086e+07,0.0,2.7301892e+07,5.4765132e+07,-2.1965818e+08,4.4041968e+08,-8.828694e+08,1.7694587e+09,0.0,-7.103721e+09,0.0,-5.6998224e+10,5.706892e+10,2.2852434e+11,0.0,-3.6627955e+12,0.0,0.0,-1.4675368e+13,2.935989e+13,-2.9365805e+13,-5.8737247e+13,-1.174739e+14,4.6984795e+14,-1.8790275e+15,2.817747e+15,-1.8778103e+15,1.1261828e+16,-1.5007909e+16,4.4996843e+16,-2.9977873e+16,0.0,-4.789109e+17,9.569983e+17,-9.561196e+17,2.8655645e+18,,,,,,,,,,,,,,,,,,,,,,,,,,,,,,,,,,,,,,,,,,,,,,,,,,,,,,,,,,,,,,,,,,,,,,,,,,,,,,,,,,,,,,,,,,,,,,,,,,,,,,,,,,,,,,,,,,,,,,,,,,,,,,,,,,,,,,,,,,,,,,,,,,,,,,,,,,,,,,,,,,,,,,,,,,,,,,,,,,,,,,,,,,,,,,,,,,,,,,,,,,,,,,,,,,,,,,,,,,,,,,,,,,,,,,,,,,,,,,,,,,,,,,,,,,,,,,,,,,,,,,,,,,,,,,,,,,,,,,,,,,,,,,,,,,,,,,,,,,,,,,,,,,,,,,,,,,,,,,,,,,,,,,,,,,,,,,,,,,,,,,,,,,,,,,,,,,,,,,,,,,,,,,,,,,,,,,,,,,,,,,,,,,,,,,,,,,,,,,,,,,,,,,,,,,,,,,,,,,,,,,,,,,,,,,,,,,,,,,,,,,,,,,,,,,,,,,,,,,,,,,,,,,,,,,,,,,,,,,,,,,,,,,,,,,,,,,,,,,,,,,,,,,,,,,,,,,,,,,,,,,,,,,,,,,,,,,,,,,,,,,,,,,,,,,,,,,,,,,,,,,,,,,,,,,,,,,,,,,,,,,,,,,,,,,,,,,,,,,,,,,,,,,,,,,,,,,,,,,,,,,,,,,,,,,,,,,,,,,,,,,,,,,,,,,,,,,,,,,,,,,,,,,,,,,,,,,,,,,,,,,,,,,,,,,,,,,,,,,,,,,,,,,,,,,,,,,,,,,,,,,,,,,,,,,,,,,,,,,,,,,,,,,,,,,,,,,,,,,,,,,,,,,,,,,,,,,,,,,,,,,,,,,,,,,,,,,,,,,,,,,,,,,,,,,,,,,,,,,,,,,,,,,,,,,,,,,,,,,,,,,,,,,,,,,,,,,,,,,,,,,,,,,,,,,,,,,,,,,,,,,,,,,,,,,,,,,,,,,,,,,,,,,,,,,,,,,,,,,,,,,,,,,,,,,,,,,,,,,,,,,,,,,,,,,,,,,,,,,,,,,,,,,,,,,,,,,,,,,,,,,,,,,,,,,,,,,,,,,,,,,,,,,,,,,,,,,,,,,,,,,,,,,,,,,,,,,,,,,,,,,,,,,,,,,,,,,,,,,,,,,,,,,,,,,,,,,,,,,,,,,,,,,,,,,,,,,,,,,,,,,,,,,,,,,,,,,,,,,,,,,,,,,,,,,,,,,,,,,,,,,,,,,,,,,,,,,,,,,,,,,,,,,,,,,,,,,,,,,,,,,,,,,,,,,,,,,,,,,,,,,,,,
287.2168,287.1978,287.1829,287.173,287.167,287.16302,287.1609,287.16086,287.1633,287.16754,287.17218,287.1775,287.18396,287.19708,287.2126,287.24048,287.2506,287.28656,287.28696,287.34586,287.31854,287.4092,287.33328,287.50922,287.31714,287.75815,287.22495,288.16147,286.92545,288.9136,286.08917,290.41507,284.05264,293.68082,279.36182,300.93607,268.7346,317.09595,244.72743,353.4256,190.48042,434.98386,68.34061,618.45105,-206.56062,1031.0701,-825.2766,1959.3542,-2217.5015,4047.8489,-5350.096,8746.874,-12398.567,19319.584,-28257.654,43108.188,-63940.625,96632.516,-144227.22,217062.36,-324871.97,488029.22,-731322.44,1.097705e+06,-1.645836e+06,2.4694745e+06,-3.7034908e+06,5.5559565e+06,-8.333213e+06,1.250054e+07,-1.8750086e+07,2.8125844e+07,-4.218806e+07,6.328281e+07,-9.492349e+07,1.4238594e+08,-2.1357814e+08,3.203679e+08,-4.8055098e+08,7.208273e+08,-1.0812404e+09,1.6218615e+09,-2.4327913e+09,3.6491886e+09,-5.4737833e+09,8.210673e+09,-1.2316014e+10,1.8474019e+10,-2.7711017e+10,4.1566523e+10,-6.2349787e+10,9.352467e+10,-1.4028702e+11,2.1043057e+11,-3.1564576e+11,4.734686e+11,-7.10203e+11,1.06530393e+12,-1.597956e+12,2.396934e+12,-3.5954014e+12,5.3931e+12,-8.0896495e+12,1.2134476e+13,,,,,,,,,,,,,,,,,,,,,,,,,,,,,,,,,,,,,,,,,,,,,,,,,,,,,,,,,,,,,,,,,,,,,,,,,,,,,,,,,,,,,,,,,,,,,,,,,,,,,,,,,,,,,,,,,,,,,,,,,,,,,,,,,,,,,,,,,,,,,,,,,,,,,,,,,,,,,,,,,,,,,,,,,,,,,,,,,,,,,,,,,,,,,,,,,,,,,,,,,,,,,,,,,,,,,,,,,,,,,,,,,,,,,,,,,,,,,,,,,,,,,,,,,,,,,,,,,,,,,,,,,,,,,,,,,,,,,,,,,,,,,,,,,,,,,,,,,,,,,,,,,,,,,,,,,,,,,,,,,,,,,,,,,,,,,,,,,,,,,,,,,,,,,,,,,,,,,,,,,,,,,,,,,,,,,,,,,,,,,,,,,,,,,,,,,,,,,,,,,,,,,,,,,,,,,,,,,,,,,,,,,,,,,,,,,,,,,,,,,,,,,,,,,,,,,,,,,,,,,,,,,,,,,,,,,,,,,,,,,,,,,,,,,,,,,,,,,,,,,,,,,,,,,,,,,,,,,,,,,,,,,,,,,,,,,,,,,,,,,,,,,,,,,,,,,,,,,,,,,,,,,,,,,,,,,,,,,,,,,,,,,,,,,,,,,,,,,,,,,,,,,,,,,,,,,,,,,,,,,,,,,,,,,,,,,,,,,,,,,,,,,,,,,,,,,,,,,,,,,,,,,,,,,,,,,,,,,,,,,,,,,,,,,,,,,,,,,,,,,,,,,,,,,,,,,,,,,,,,,,,,,,,,,,,,,,,,,,,,,,,,,,,,,,,,,,,,,,,,,,,,,,,,,,,,,,,,,,,,,,,,,,,,,,,,,,,,,,,,,,,,,,,,,,,,,,,,,,,,,,,,,,,,,,,,,,,,,,,,,,,,,,,,,,,,,,,,,,,,,,,,,,,,,,,,,,,,,,,,,,,,,,,,,,,,,,,,,,,,,,,,,,,,,,,,,,,,,,,,,,,,,,,,,,,,,,,,,,,,,,,,,,,,,,,,,,,,,,,,,,,,,,,,,,,,,,,,,,,,,,,,,,,,,,,,,,,,,,,,,,,,,,,,,,,,,,,,,,,,,,,,,,,,,,,,,,,,,,,,,,,,,,,,,,,,,,,,,,,,,,,,,,,,,,,,,,,,,,,,,,,,,,,,,,,,,,,,,,,,,,,,,,,,,,,,,,,,,,,,,,,,,,,,,,,,,,,,,,,,,,,,,,,,,,,,,,,,,,,,,,,,,,,,,,,,,,,,,,,,,,,,,,,,,,,,,,,,,,,,,,,,,
287.22894,287.2081,287.19092,287.17892,287.17105,287.166,287.1627,287.16165,287.1628,287.16632,287.17026,287.17557,287.18082,287.1922,287.20474,287.23102,287.2421,287.27554,287.2785,287.33087,287.31354,287.38974,287.33618,287.47495,287.33923,287.68384,287.298,288.00586,287.1446,288.539,286.74182,289.47476,285.63434,291.58337,282.79666,296.50473,276.04684,310.59937,258.75208,326.8056,227.94751,378.77908,162.11566,473.7741,7.4201117,707.97174,-344.04114,1235.2014,-1132.1915,2421.479,-2908.136,5165.893,-7045.46,11280.672,-16212.267,25014.998,-36724.234,55849.98,-83409.13,125670.055,-187710.45,282142.22,-429315.62,609006.94,-800902.2,1.4212008e+06,-2.2930722e+06,3.4057048e+06,-4.260309e+06,2.9699442e+06,-6.2336855e+06,5.2557864e+07,-5.566911e+07,0.0,0.0,5.5155834e+08,0.0,0.0,0.0,-2.824998e+10,0.0,1.7493264e+11,0.0,-3.7054393e+12,0.0,-0.0,-1.5117457e+13,1.9026e+13,-0.0,-8.235903e+13,-0.0,2.1139428e+14,-3.49265e+14,-0.0,-0.0,3.3415044e+15,-5.681318e+15,9.663355e+15,-1.6405227e+16,5.545963e+16,-5.584315e+17,1.2361793e+18,-2.0206781e+18,4.0366486e+18,,,,,,,,,,,,,,,,,,,,,,,,,,,,,,,,,,,,,,,,,,,,,,,,,,,,,,,,,,,,,,,,,,,,,,,,,,,,,,,,,,,,,,,,,,,,,,,,,,,,,,,,,,,,,,,,,,,,,,,,,,,,,,,,,,,,,,,,,,,,,,,,,,,,,,,,,,,,,,,,,,,,,,,,,,,,,,,,,,,,,,,,,,,,,,,,,,,,,,,,,,,,,,,,,,,,,,,,,,,,,,,,,,,,,,,,,,,,,,,,,,,,,,,,,,,,,,,,,,,,,,,,,,,,,,,,,,,,,,,,,,,,,,,,,,,,,,,,,,,,,,,,,,,,,,,,,,,,,,,,,,,,,,,,,,,,,,,,,,,,,,,,,,,,,,,,,,,,,,,,,,,,,,,,,,,,,,,,,,,,,,,,,,,,,,,,,,,,,,,,,,,,,,,,,,,,,,,,,,,,,,,,,,,,,,,,,,,,,,,,,,,,,,,,,,,,,,,,,,,,,,,,,,,,,,,,,,,,,,,,,,,,,,,,,,,,,,,,,,,,,,,,,,,,,,,,,,,,,,,,,,,,,,,,,,,,,,,,,,,,,,,,,,,,,,,,,,,,,,,,,,,,,,,,,,,,,,,,,,,,,,,,,,,,,,,,,,,,,,,,,,,,,,,,,,,,,,,,,,,,,,,,,,,,,,,,,,,,,,,,,,,,,,,,,,,,,,,,,,,,,,,,,,,,,,,,,,,,,,,,,,,,,,,,,,,,,,,,,,,,,,,,,,,,,,,,,,,,,,,,,,,,,,,,,,,,,,,,,,,,,,,,,,,,,,,,,,,,,,,,,,,,,,,,,,,,,,,,,,,,,,,,,,,,,,,,,,,,,,,,,,,,,,,,,,,,,,,,,,,,,,,,,,,,,,,,,,,,,,,,,,,,,,,,,,,,,,,,,,,,,,,,,,,,,,,,,,,,,,,,,,,,,,,,,,,,,,,,,,,,,,,,,,,,,,,,,,,,,,,,,,,,,,,,,,,,,,,,,,,,,,,,,,,,,,,,,,,,,,,,,,,,,,,,,,,,,,,,,,,,,,,,,,,,,,,,,,,,,,,,,,,,,,,,,,,,,,,,,,,,,,,,,,,,,,,,,,,,,,,,,,,,,,,,,,,,,,,,,,,,,,,,,,,,,,,,,,,,,,,,,,,,,,,,,,,,,,,,,,,,,,,,,,,,,,,,,,,,,,,,,,,,,,,,,,,,,,,,,,,,,,,,,,,,,,,,,,,,,,,,,,,,,,,,,,,,,,,,,,,,,,,,,,,,,,,,,,,,,,,,,,,,,
287.24136,287.21902,287.1999,287.1857,287.1761,287.16946,287.16522,287.16284,287.16315,287.1652,287.16907,287.17337,287.17868,287.18744,287.19907,287.22095,287.23514,287.26334,287.27228,287.31378,287.31128,287.36703,287.3429,287.43576,287.36746,287.5969,287.3855,287.82404,287.34796,288.1764,287.1177,288.75165,286.4549,289.92618,284.8721,292.48053,281.26163,297.98715,273.21008,310.5213,254.54639,338.57065,212.6638,401.59335,118.256256,543.2911,-94.31181,862.0066,-572.7303,1578.7451,-1650.4377,2826.4453,-3513.3984,5994.1484,-8267.899,13124.791,-18964.5,29169.219,-43031.47,65269.426,-97181.88,146494.67,-219020.08,329251.9,-493156.03,740455.0,-1.109961e+06,1.6656628e+06,-2.4977725e+06,3.7473785e+06,-5.620344e+06,8.431238e+06,-1.2646147e+07,1.8969938e+07,-2.8454184e+07,4.2681976e+07,-6.402223e+07,9.603407e+07,-1.4405022e+08,2.1607608e+08,-3.2411363e+08,4.8617136e+08,-7.292564e+08,1.0938848e+09,-1.6408262e+09,2.4612372e+09,-3.6918561e+09,5.5377843e+09,-8.306667e+09,1.2459991e+10,-1.8689987e+10,2.803497e+10,-4.2052436e+10,6.3078707e+10,-9.461799e+10,1.4192702e+11,-2.1289058e+11,3.1933533e+11,-4.7900328e+11,7.185048e+11,-1.0777572e+12,1.6166338e+12,-2.4249515e+12,3.6374284e+12,,,,,,,,,,,,,,,,,,,,,,,,,,,,,,,,,,,,,,,,,,,,,,,,,,,,,,,,,,,,,,,,,,,,,,,,,,,,,,,,,,,,,,,,,,,,,,,,,,,,,,,,,,,,,,,,,,,,,,,,,,,,,,,,,,,,,,,,,,,,,,,,,,,,,,,,,,,,,,,,,,,,,,,,,,,,,,,,,,,,,,,,,,,,,,,,,,,,,,,,,,,,,,,,,,,,,,,,,,,,,,,,,,,,,,,,,,,,,,,,,,,,,,,,,,,,,,,,,,,,,,,,,,,,,,,,,,,,,,,,,,,,,,,,,,,,,,,,,,,,,,,,,,,,,,,,,,,,,,,,,,,,,,,,,,,,,,,,,,,,,,,,,,,,,,,,,,,,,,,,,,,,,,,,,,,,,,,,,,,,,,,,,,,,,,,,,,,,,,,,,,,,,,,,,,,,,,,,,,,,,,,,,,,,,,,,,,,,,,,,,,,,,,,,,,,,,,,,,,,,,,,,,,,,,,,,,,,,,,,,,,,,,,,,,,,,,,,,,,,,,,,,,,,,,,,,,,,,,,,,,,,,,,,,,,,,,,,,,,,,,,,,,,,,,,,,,,,,,,,,,,,,,,,,,,,,,,,,,,,,,,,,,,,,,,,,,,,,,,,,,,,,,,,,,,,,,,,,,,,,,,,,,,,,,,,,,,,,,,,,,,,,,,,,,,,,,,,,,,,,,,,,,,,,,,,,,,,,,,,,,,,,,,,,,,,,,,,,,,,,,,,,,,,,,,,,,,,,,,,,,,,,,,,,,,,,,,,,,,,,,,,,,,,,,,,,,,,,,,,,,,,,,,,,,,,,,,,,,,,,,,,,,,,,,,,,,,,,,,,,,,,,,,,,,,,,,,,,,,,,,,,,,,,,,,,,,,,,,,,,,,,,,,,,,,,,,,,,,,,,,,,,,,,,,,,,,,,,,,,,,,,,,,,,,,,,,,,,,,,,,,,,,,,,,,,,,,,,,,,,,,,,,,,,,,,,,,,,,,,,,,,,,,,,,,,,,,,,,,,,,,,,,,,,,,,,,,,,,,,,,,,,,,,,,,,,,,,,,,,,,,,,,,,,,,,,,,,,,,,,,,,,,,,,,,,,,,,,,,,,,,,,,,,,,,,,,,,,,,,,,,,,,,,,,,,,,,,,,,,,,,,,,,,,,,,,,,,,,,,,,,,,,,,,,,,,,,,,,,,,,,,,,,,,,,,,,,,,,,,,,,,,,,,,,,,,,,,,,,,,,,,,,,,,,,,,,,,,,,,,,,,,,,,,,,,,,,,,,,,,,,,,,
287.25378,287.23044,287.20956,287.19342,287.18192,287.1737,287.1682,287.1648,287.1638,287.165,287.16776,287.17197,287.17633,287.1841,287.19354,287.2127,287.22723,287.253,287.26465,287.29926,287.30624,287.3479,287.34494,287.40317,287.3865,287.51465,287.46292,287.6427,287.57,287.76746,287.7186,287.87808,287.7902,288.1934,287.53018,289.14255,286.4129,294.9812,277.97165,302.53098,265.411,323.30093,246.02577,348.3859,195.8727,425.63696,79.76636,599.78796,-178.85915,991.75586,-763.32324,1948.8146,-2219.7373,4042.2815,-5355.0938,8718.688,-12285.643,19214.418,-28370.232,43186.46,-63730.875,98158.78,-153213.44,199716.25,-184170.81,441867.38,-693410.75,1.0851545e+06,-1.00404306e+06,1.0431193e+06,-6.4919555e+06,1.3450045e+07,1.8557258e+07,-1.9186318e+07,1.18940776e+08,8.188731e+07,0.0,0.0,0.0,-2.9760463e+09,2.4590008e+10,-2.5411547e+10,5.256168e+10,1.0882931e+11,0.0,0.0,0.0,2.0331387e+12,-4.2535218e+12,8.932477e+12,0.0,-4.0008807e+13,8.559212e+13,-3.699974e+14,8.10923e+14,0.0,0.0,0.0,0.0,0.0,-5.208687e+17,1.2415883e+18,-2.0323116e+18,4.2590402e+18,,,,,,,,,,,,,,,,,,,,,,,,,,,,,,,,,,,,,,,,,,,,,,,,,,,,,,,,,,,,,,,,,,,,,,,,,,,,,,,,,,,,,,,,,,,,,,,,,,,,,,,,,,,,,,,,,,,,,,,,,,,,,,,,,,,,,,,,,,,,,,,,,,,,,,,,,,,,,,,,,,,,,,,,,,,,,,,,,,,,,,,,,,,,,,,,,,,,,,,,,,,,,,,,,,,,,,,,,,,,,,,,,,,,,,,,,,,,,,,,,,,,,,,,,,,,,,,,,,,,,,,,,,,,,,,,,,,,,,,,,,,,,,,,,,,,,,,,,,,,,,,,,,,,,,,,,,,,,,,,,,,,,,,,,,,,,,,,,,,,,,,,,,,,,,,,,,,,,,,,,,,,,,,,,,,,,,,,,,,,,,,,,,,,,,,,,,,,,,,,,,,,,,,,,,,,,,,,,,,,,,,,,,,,,,,,,,,,,,,,,,,,,,,,,,,,,,,,,,,,,,,,,,,,,,,,,,,,,,,,,,,,,,,,,,,,,,,,,,,,,,,,,,,,,,,,,,,,,,,,,,,,,,,,,,,,,,,,,,,,,,,,,,,,,,,,,,,,,,,,,,,,,,,,,,,,,,,,,,,,,,,,,,,,,,,,,,,,,,,,,,,,,,,,,,,,,,,,,,,,,,,,,,,,,,,,,,,,,,,,,,,,,,,,,,,,,,,,,,,,,,,,,,,,,,,,,,,,,,,,,,,,,,,,,,,,,,,,,,,,,,,,,,,,,,,,,,,,,,,,,,,,,,,,,,,,,,,,,,,,,,,,,,,,,,,,,,,,,,,,,,,,,,,,,,,,,,,,,,,,,,,,,,,,,,,,,,,,,,,,,,,,,,,,,,,,,,,,,,,,,,,,,,,,,,,,,,,,,,,,,,,,,,,,,,,,,,,,,,,,,,,,,,,,,,,,,,,,,,,,,,,,,,,,,,,,,,,,,,,,,,,,,,,,,,,,,,,,,,,,,,,,,,,,,,,,,,,,,,,,,,,,,,,,,,,,,,,,,,,,,,,,,,,,,,,,,,,,,,,,,,,,,,,,,,,,,,,,,,,,,,,,,,,,,,,,,,,,,,,,,,,,,,,,,,,,,,,,,,,,,,,,,,,,,,,,,,,,,,,,,,,,,,,,,,,,,,,,,,,,,,,,,,,,,,,,,,,,,,,,,,,,,,,,,,,,,,,,,,,,,,,,,,,,,,,,,,,,,,,,,,,,,,,,,,,,,,,,,,,,,,,,,,,,,,,,,,,,,,,,,,,,,,,,,,,,,,,,,,,,,,,,,
287.26602,287.24207,287.21997,287.20187,287.18863,287.17862,287.17203,287.16718,287.16525,287.1651,287.1672,287.1705,287.17465,287.18088,287.18945,287.2048,287.22046,287.24213,287.25818,287.28436,287.3018,287.32874,287.34637,287.37338,287.40054,287.44016,287.52496,287.49234,287.73508,287.50067,288.0649,287.44238,288.42206,287.1347,289.0989,286.29184,290.6028,284.3295,293.84778,279.68964,300.9435,269.11752,316.90842,245.31607,352.77383,191.6089,433.30884,70.669525,614.3689,-201.80875,1020.4861,-1179.7903,2496.057,-3019.934,5253.3276,-7156.947,11458.21,-16464.736,25419.566,-37407.01,56832.887,-84527.36,127513.1,-190547.77,286543.47,-429094.12,644362.9,-965822.9,1.4494561e+06,-2.1734648e+06,3.2609215e+06,-4.89066e+06,7.3367e+06,-1.1004332e+07,1.6507219e+07,-2.4760128e+07,3.7140924e+07,-5.5710664e+07,8.356687e+07,-1.2534957e+08,1.8802478e+08,-2.8203626e+08,4.230549e+08,-6.3458195e+08,9.5187386e+08,-1.4278127e+09,2.1417192e+09,-3.2125786e+09,4.8188774e+09,-7.2283244e+09,1.0842486e+10,-1.6263739e+10,2.4395626e+10,-3.6593398e+10,5.489016e+10,-8.233521e+10,1.23502756e+11,-1.8525464e+11,2.778817e+11,-4.1682256e+11,6.2523454e+11,-9.3785286e+11,1.4067793e+12,-2.1101669e+12,,,,,,,,,,,,,,,,,,,,,,,,,,,,,,,,,,,,,,,,,,,,,,,,,,,,,,,,,,,,,,,,,,,,,,,,,,,,,,,,,,,,,,,,,,,,,,,,,,,,,,,,,,,,,,,,,,,,,,,,,,,,,,,,,,,,,,,,,,,,,,,,,,,,,,,,,,,,,,,,,,,,,,,,,,,,,,,,,,,,,,,,,,,,,,,,,,,,,,,,,,,,,,,,,,,,,,,,,,,,,,,,,,,,,,,,,,,,,,,,,,,,,,,,,,,,,,,,,,,,,,,,,,,,,,,,,,,,,,,,,,,,,,,,,,,,,,,,,,,,,,,,,,,,,,,,,,,,,,,,,,,,,,,,,,,,,,,,,,,,,,,,,,,,,,,,,,,,,,,,,,,,,,,,,,,,,,,,,,,,,,,,,,,,,,,,,,,,,,,,,,,,,,,,,,,,,,,,,,,,,,,,,,,,,,,,,,,,,,,,,,,,,,,,,,,,,,,,,,,,,,,,,,,,,,,,,,,,,,,,,,,,,,,,,,,,,,,,,,,,,,,,,,,,,,,,,,,,,,,,,,,,,,,,,,,,,,,,,,,,,,,,,,,,,,,,,,,,,,,,,,,,,,,,,,,,,,,,,,,,,,,,,,,,,,,,,,,,,,,,,,,,,,,,,,,,,,,,,,,,,,,,,,,,,,,,,,,,,,,,,,,,,,,,,,,,,,,,,,,,,,,,,,,,,,,,,,,,,,,,,,,,,,,,,,,,,,,,,,,,,,,,,,,,,,,,,,,,,,,,,,,,,,,,,,,,,,,,,,,,,,,,,,,,,,,,,,,,,,,,,,,,,,,,,,,,,,,,,,,,,,,,,,,,,,,,,,,,,,,,,,,,,,,,,,,,,,,,,,,,,,,,,,,,,,,,,,,,,,,,,,,,,,,,,,,,,,,,,,,,,,,,,,,,,,,,,,,,,,,,,,,,,,,,,,,,,,,,,,,,,,,,,,,,,,,,,,,,,,,,,,,,,,,,,,,,,,,,,,,,,,,,,,,,,,,,,,,,,,,,,,,,,,,,,,,,,,,,,,,,,,,,,,,,,,,,,,,,,,,,,,,,,,,,,,,,,,,,,,,,,,,,,,,,,,,,,,,,,,,,,,,,,,,,,,,,,,,,,,,,,,,,,,,,,,,,,,,,,,,,,,,,,,,,,,,,,,,,,,,,,,,,,,,,,,,,,,,,,,,,,,,,,,,,,,,,,,,,,,,,,,,,,,,,,,,,,,,,,,,,,,,,,,,,,,,,,,,,,,,,,,,,,,,,,,,,,,,,,,,,,,,,,
287.27786,287.25378,287.23074,287.21112,287.19608,287.1844,287.1764,287.17035,287.1671,287.16602,287.1669,287.16962,287.17303,287.17844,287.1857,287.1985,287.21347,287.23273,287.2507,287.27182,287.29495,287.31302,287.34317,287.3512,287.40427,287.39066,287.5517,287.4048,287.80878,287.33514,288.25357,287.0359,288.96948,286.34256,290.23898,284.9841,292.5912,285.52087,292.10602,281.2853,297.24432,275.47693,317.7428,240.76721,357.2369,183.54292,442.86203,55.075455,638.1845,-233.88179,1075.0665,-808.91266,1916.9526,-2162.7593,3950.5278,-5232.5396,8641.075,-12170.602,18733.092,-27387.943,42034.434,-60629.973,83279.25,-154842.28,352212.62,-352524.1,488582.75,-886517.6,1.8343891e+06,-2.706206e+06,-1.1160631e+06,6.8943975e+06,1.4178959e+07,-2.9128342e+07,9.963463e+07,-4.0860556e+07,0.0,0.0,0.0,-4.3026463e+09,1.3189188e+10,-1.4965617e+10,7.331966e+10,1.2465853e+10,-5.0839425e+10,0.0,0.0,2.1478369e+11,-4.3688418e+11,-4.4396776e+12,1.5550701e+13,9.1424234e+11,0.0,-1.4980706e+13,6.0471814e+13,-2.434966e+14,0.0,0.0,0.0,7.672432e+15,0.0,1.1608407e+17,-5.513717e+16,1.8398793e+18,,,,,,,,,,,,,,,,,,,,,,,,,,,,,,,,,,,,,,,,,,,,,,,,,,,,,,,,,,,,,,,,,,,,,,,,,,,,,,,,,,,,,,,,,,,,,,,,,,,,,,,,,,,,,,,,,,,,,,,,,,,,,,,,,,,,,,,,,,,,,,,,,,,,,,,,,,,,,,,,,,,,,,,,,,,,,,,,,,,,,,,,,,,,,,,,,,,,,,,,,,,,,,,,,,,,,,,,,,,,,,,,,,,,,,,,,,,,,,,,,,,,,,,,,,,,,,,,,,,,,,,,,,,,,,,,,,,,,,,,,,,,,,,,,,,,,,,,,,,,,,,,,,,,,,,,,,,,,,,,,,,,,,,,,,,,,,,,,,,,,,,,,,,,,,,,,,,,,,,,,,,,,,,,,,,,,,,,,,,,,,,,,,,,,,,,,,,,,,,,,,,,,,,,,,,,,,,,,,,,,,,,,,,,,,,,,,,,,,,,,,,,,,,,,,,,,,,,,,,,,,,,,,,,,,,,,,,,,,,,,,,,,,,,,,,,,,,,,,,,,,,,,,,,,,,,,,,,,,,,,,,,,,,,,,,,,,,,,,,,,,,,,,,,,,,,,,,,,,,,,,,,,,,,,,,,,,,,,,,,,,,,,,,,,,,,,,,,,,,,,,,,,,,,,,,,,,,,,,,,,,,,,,,,,,,,,,,,,,,,,,,,,,,,,,,,,,,,,,,,,,,,,,,,,,,,,,,,,,,,,,,,,,,,,,,,,,,,,,,,,,,,,,,,,,,,,,,,,,,,,,,,,,,,,,,,,,,,,,,,,,,,,,,,,,,,,,,,,,,,,,,,,,,,,,,,,,,,,,,,,,,,,,,,,,,,,,,,,,,,,,,,,,,,,,,,,,,,,,,,,,,,,,,,,,,,,,,,,,,,,,,,,,,,,,,,,,,,,,,,,,,,,,,,,,,,,,,,,,,,,,,,,,,,,,,,,,,,,,,,,,,,,,,,,,,,,,,,,,,,,,,,,,,,,,,,,,,,,,,,,,,,,,,,,,,,,,,,,,,,,,,,,,,,,,,,,,,,,,,,,,,,,,,,,,,,,,,,,,,,,,,,,,,,,,,,,,,,,,,,,,,,,,,,,,,,,,,,,,,,,,,,,,,,,,,,,,,,,,,,,,,,,,,,,,,,,,,,,,,,,,,,,,,,,,,,,,,,,,,,,,,,,,,,,,,,,,,,,,,,,,,,,,,,,,,,,,,,,,,,,,,,,,,,,,,,,,,,,,,,,,,,,,,,,,,,,,,,,,,,,,,,,,,,,,,,,,,,,,,,,,,,,
287.28918,287.2653,287.24182,287.22095,287.20428,287.19095,287.18137,287.1742,287.16965,287.16742,287.16724,287.169,287.17188,287.17636,287.18265,287.19315,287.20706,287.22397,287.2433,287.2604,287.28717,287.29913,287.3374,287.33374,287.40125,287.36176,287.5503,287.36157,287.81854,287.2672,288.29575,286.9633,289.02686,286.12888,290.50095,284.11682,293.7662,279.64056,300.84113,269.14276,316.73132,245.39941,352.38556,192.02115,432.64825,71.720375,613.0666,-199.04826,1018.8614,-808.63354,1930.6307,-2545.027,4543.8223,-6091.6797,9860.847,-14068.333,21825.176,-32015.303,48745.297,-72395.734,109315.836,-163251.92,245599.81,-367678.1,552238.5,-827636.7,1.2421766e+06,-1.8625438e+06,2.794537e+06,-4.191086e+06,6.2873545e+06,-9.430309e+06,1.4146172e+07,-2.1218542e+07,3.182853e+07,-4.7742096e+07,7.161387e+07,-1.0742009e+08,1.61131e+08,-2.4169586e+08,3.625441e+08,-5.4381523e+08,8.1572294e+08,-1.2235836e+09,1.8353765e+09,-2.7530668e+09,4.1296003e+09,-6.1943997e+09,9.29161e+09,-1.393744e+10,2.090605e+10,-3.135913e+10,4.7038714e+10,-7.055802e+10,1.058371e+11,-1.5875562e+11,2.3813338e+11,-3.5720056e+11,5.3580058e+11,-8.03701e+11,1.2055522e+12,-1.8083297e+12,2.7124947e+12,-4.068743e+12,,,,,,,,,,,,,,,,,,,,,,,,,,,,,,,,,,,,,,,,,,,,,,,,,,,,,,,,,,,,,,,,,,,,,,,,,,,,,,,,,,,,,,,,,,,,,,,,,,,,,,,,,,,,,,,,,,,,,,,,,,,,,,,,,,,,,,,,,,,,,,,,,,,,,,,,,,,,,,,,,,,,,,,,,,,,,,,,,,,,,,,,,,,,,,,,,,,,,,,,,,,,,,,,,,,,,,,,,,,,,,,,,,,,,,,,,,,,,,,,,,,,,,,,,,,,,,,,,,,,,,,,,,,,,,,,,,,,,,,,,,,,,,,,,,,,,,,,,,,,,,,,,,,,,,,,,,,,,,,,,,,,,,,,,,,,,,,,,,,,,,,,,,,,,,,,,,,,,,,,,,,,,,,,,,,,,,,,,,,,,,,,,,,,,,,,,,,,,,,,,,,,,,,,,,,,,,,,,,,,,,,,,,,,,,,,,,,,,,,,,,,,,,,,,,,,,,,,,,,,,,,,,,,,,,,,,,,,,,,,,,,,,,,,,,,,,,,,,,,,,,,,,,,,,,,,,,,,,,,,,,,,,,,,,,,,,,,,,,,,,,,,,,,,,,,,,,,,,,,,,,,,,,,,,,,,,,,,,,,,,,,,,,,,,,,,,,,,,,,,,,,,,,,,,,,,,,,,,,,,,,,,,,,,,,,,,,,,,,,,,,,,,,,,,,,,,,,,,,,,,,,,,,,,,,,,,,,,,,,,,,,,,,,,,,,,,,,,,,,,,,,,,,,,,,,,,,,,,,,,,,,,,,,,,,,,,,,,,,,,,,,,,,,,,,,,,,,,,,,,,,,,,,,,,,,,,,,,,,,,,,,,,,,,,,,,,,,,,,,,,,,,,,,,,,,,,,,,,,,,,,,,,,,,,,,,,,,,,,,,,,,,,,,,,,,,,,,,,,,,,,,,,,,,,,,,,,,,,,,,,,,,,,,,,,,,,,,,,,,,,,,,,,,,,,,,,,,,,,,,,,,,,,,,,,,,,,,,,,,,,,,,,,,,,,,,,,,,,,,,,,,,,,,,,,,,,,,,,,,,,,,,,,,,,,,,,,,,,,,,,,,,,,,,,,,,,,,,,,,,,,,,,,,,,,,,,,,,,,,,,,,,,,,,,,,,,,,,,,,,,,,,,,,,,,,,,,,,,,,,,,,,,,,,,,,,,,,,,,,,,,,,,,,,,,,,,,,,,,,,,,,,,,,,,,,,,,,,,,,,,,,,,,,,,,,,,,,,,,,,,,,,,,,,,,,,,,,,,,,,,,,,,,,,,,,,,,,,,,,,,,,,,
287.2998,287.27652,287.25296,287.23117,287.21313,287.19815,287.18716,287.17853,287.17294,287.16925,287.16827,287.16873,287.17123,287.1746,287.1803,287.1885,287.20154,287.21582,287.236,287.25,287.2788,287.2868,287.3294,287.3199,287.39297,287.3448,287.53262,287.34396,287.78998,287.25546,288.25037,286.93488,288.99988,286.1674,290.37823,284.6214,293.00546,284.63556,293.2921,279.37106,299.94214,271.2557,323.95102,231.28023,371.30356,162.23706,474.72998,7.0303125,710.0358,-341.95532,1236.9001,-1052.1206,2281.2856,-2710.9878,4775.777,-6472.7886,10494.453,-14932.082,22982.326,-33822.8,51686.203,-75851.73,105653.28,-185746.3,395556.56,-439135.03,629537.44,-1.245562e+06,2.166635e+06,-3.5397205e+06,0.0,4.7926495e+06,1.1857423e+07,-3.1768818e+07,1.0039103e+08,0.0,-0.0,-0.0,-0.0,-4.2238252e+09,1.2095268e+10,-1.8052262e+10,6.8853465e+10,2.1202016e+10,-6.520384e+10,9.907636e+10,-2.9352903e+11,6.224115e+11,-1.0734569e+12,-3.1195569e+12,1.3758341e+13,4.2325558e+12,-9.76482e+12,0.0,0.0,0.0,2.1255916e+14,0.0,0.0,8.87145e+15,-9.3381e+15,1.1605156e+17,3.937014e+16,1.7264328e+18,,,,,,,,,,,,,,,,,,,,,,,,,,,,,,,,,,,,,,,,,,,,,,,,,,,,,,,,,,,,,,,,,,,,,,,,,,,,,,,,,,,,,,,,,,,,,,,,,,,,,,,,,,,,,,,,,,,,,,,,,,,,,,,,,,,,,,,,,,,,,,,,,,,,,,,,,,,,,,,,,,,,,,,,,,,,,,,,,,,,,,,,,,,,,,,,,,,,,,,,,,,,,,,,,,,,,,,,,,,,,,,,,,,,,,,,,,,,,,,,,,,,,,,,,,,,,,,,,,,,,,,,,,,,,,,,,,,,,,,,,,,,,,,,,,,,,,,,,,,,,,,,,,,,,,,,,,,,,,,,,,,,,,,,,,,,,,,,,,,,,,,,,,,,,,,,,,,,,,,,,,,,,,,,,,,,,,,,,,,,,,,,,,,,,,,,,,,,,,,,,,,,,,,,,,,,,,,,,,,,,,,,,,,,,,,,,,,,,,,,,,,,,,,,,,,,,,,,,,,,,,,,,,,,,,,,,,,,,,,,,,,,,,,,,,,,,,,,,,,,,,,,,,,,,,,,,,,,,,,,,,,,,,,,,,,,,,,,,,,,,,,,,,,,,,,,,,,,,,,,,,,,,,,,,,,,,,,,,,,,,,,,,,,,,,,,,,,,,,,,,,,,,,,,,,,,,,,,,,,,,,,,,,,,,,,,,,,,,,,,,,,,,,,,,,,,,,,,,,,,,,,,,,,,,,,,,,,,,,,,,,,,,,,,,,,,,,,,,,,,,,,,,,,,,,,,,,,,,,,,,,,,,,,,,,,,,,,,,,,,,,,,,,,,,,,,,,,,,,,,,,,,,,,,,,,,,,,,,,,,,,,,,,,,,,,,,,,,,,,,,,,,,,,,,,,,,,,,,,,,,,,,,,,,,,,,,,,,,,,,,,,,,,,,,,,,,,,,,,,,,,,,,,,,,,,,,,,,,,,,,,,,,,,,,,,,,,,,,,,,,,,,,,,,,,,,,,,,,,,,,,,,,,,,,,,,,,,,,,,,,,,,,,,,,,,,,,,,,,,,,,,,,,,,,,,,,,,,,,,,,,,,,,,,,,,,,,,,,,,,,,,,,,,,,,,,,,,,,,,,,,,,,,,,,,,,,,,,,,,,,,,,,,,,,,,,,,,,,,,,,,,,,,,,,,,,,,,,,,,,,,,,,,,,,,,,,,,,,,,,,,,,,,,,,,,,,,,,,,,,,,,,,,,,,,,,,,,,,,,,,,,,,,,,,,,,,,,,,,,,,,,,,,,,,,,,,,,,,,,,,,,,,,,,,,,,,,,,,,,,,,,,,
287.30957,287.28723,287.26395,287.24173,287.2224,287.20618,287.19342,287.18375,287.17657,287.17203,287.16946,287.16943,287.17056,287.17374,287.17786,287.18527,287.19598,287.20932,287.22797,287.24158,287.26892,287.27707,287.31854,287.30994,287.37994,287.3353,287.50632,287.34015,287.7424,287.27158,288.1625,287.02454,288.8,286.34055,290.04037,284.69553,292.74738,281.22162,298.39105,272.70294,311.31448,253.43245,340.11453,210.23434,405.14706,112.75576,551.2852,-106.63979,879.9543,-600.60046,1618.1985,-2076.527,3840.6096,-5037.423,8278.798,-11696.09,18265.746,-26677.537,40736.652,-60386.258,91291.09,-136202.81,205029.39,-306819.16,460954.3,-690709.6,1.03678725e+06,-1.5544572e+06,2.332409e+06,-3.497892e+06,5.247561e+06,-7.870621e+06,1.1806644e+07,-1.7709246e+07,2.6564598e+07,-3.9846204e+07,5.977004e+07,-8.965434e+07,1.3448238e+08,-2.0172286e+08,3.025847e+08,-4.538762e+08,6.8081466e+08,-1.0212215e+09,1.5318332e+09,-2.2977518e+09,3.4466276e+09,-5.1699415e+09,7.7549225e+09,-1.1632408e+10,1.7448503e+10,-2.6172811e+10,3.9259234e+10,-5.8888806e+10,8.833327e+10,-1.3249987e+11,1.9874977e+11,-2.981251e+11,4.471874e+11,-6.707812e+11,1.00617244e+12,-1.5092604e+12,2.263891e+12,-3.3958393e+12,,,,,,,,,,,,,,,,,,,,,,,,,,,,,,,,,,,,,,,,,,,,,,,,,,,,,,,,,,,,,,,,,,,,,,,,,,,,,,,,,,,,,,,,,,,,,,,,,,,,,,,,,,,,,,,,,,,,,,,,,,,,,,,,,,,,,,,,,,,,,,,,,,,,,,,,,,,,,,,,,,,,,,,,,,,,,,,,,,,,,,,,,,,,,,,,,,,,,,,,,,,,,,,,,,,,,,,,,,,,,,,,,,,,,,,,,,,,,,,,,,,,,,,,,,,,,,,,,,,,,,,,,,,,,,,,,,,,,,,,,,,,,,,,,,,,,,,,,,,,,,,,,,,,,,,,,,,,,,,,,,,,,,,,,,,,,,,,,,,,,,,,,,,,,,,,,,,,,,,,,,,,,,,,,,,,,,,,,,,,,,,,,,,,,,,,,,,,,,,,,,,,,,,,,,,,,,,,,,,,,,,,,,,,,,,,,,,,,,,,,,,,,,,,,,,,,,,,,,,,,,,,,,,,,,,,,,,,,,,,,,,,,,,,,,,,,,,,,,,,,,,,,,,,,,,,,,,,,,,,,,,,,,,,,,,,,,,,,,,,,,,,,,,,,,,,,,,,,,,,,,,,,,,,,,,,,,,,,,,,,,,,,,,,,,,,,,,,,,,,,,,,,,,,,,,,,,,,,,,,,,,,,,,,,,,,,,,,,,,,,,,,,,,,,,,,,,,,,,,,,,,,,,,,,,,,,,,,,,,,,,,,,,,,,,,,,,,,,,,,,,,,,,,,,,,,,,,,,,,,,,,,,,,,,,,,,,,,,,,,,,,,,,,,,,,,,,,,,,,,,,,,,,,,,,,,,,,,,,,,,,,,,,,,,,,,,,,,,,,,,,,,,,,,,,,,,,,,,,,,,,,,,,,,,,,,,,,,,,,,,,,,,,,,,,,,,,,,,,,,,,,,,,,,,,,,,,,,,,,,,,,,,,,,,,,,,,,,,,,,,,,,,,,,,,,,,,,,,,,,,,,,,,,,,,,,,,,,,,,,,,,,,,,,,,,,,,,,,,,,,,,,,,,,,,,,,,,,,,,,,,,,,,,,,,,,,,,,,,,,,,,,,,,,,,,,,,,,,,,,,,,,,,,,,,,,,,,,,,,,,,,,,,,,,,,,,,,,,,,,,,,,,,,,,,,,,,,,,,,,,,,,,,,,,,,,,,,,,,,,,,,,,,,,,,,,,,,,,,,,,,,,,,,,,,,,,,,,,,,,,,,,,,,,,,,,,,,,,,,,,,,,,,,,,,,,,,,,,,,,,,,,,,,,,,,,,,,,,,,,,,,,,
287.31833,287.29724,287.2747,287.25223,287.23224,287.2146,287.2006,287.1893,287.18115,287.17505,287.17166,287.17023,287.17084,287.17276,287.1765,287.18207,287.1919,287.20288,287.2211,287.233,287.26013,287.26706,287.30832,287.29984,287.3671,287.32648,287.47974,287.33868,287.69067,287.2939,288.06183,287.09152,288.6222,286.5729,289.6086,285.56323,291.40317,286.61444,290.08786,283.9494,292.73474,281.70853,308.0301,254.72935,335.54654,215.20064,394.42923,126.39633,529.6243,-73.784325,830.65924,-466.99576,1415.4156,-1406.92,2822.8743,-3542.1287,6099.8203,-8332.92,13083.646,-18981.213,29424.21,-42454.895,55642.266,-110802.66,280411.84,-264179.6,383048.9,-857375.2,1.672578e+06,-2.3279552e+06,-2.3129748e+06,1.0158774e+07,0.0,-1.0821928e+07,1.1868282e+07,-5.2308908e+07,4.067844e+08,0.0,-6.007145e+08,-2.849282e+09,1.0710203e+10,-2.9883376e+10,7.339021e+10,-0.0,-0.0,9.92467e+10,-2.1984197e+11,2.5869445e+11,-2.9466326e+11,-4.255203e+12,1.5270058e+13,1.8667365e+12,-4.1239372e+12,5.997701e+12,-1.5177148e+13,0.0,8.132472e+13,0.0,0.0,6.6584615e+15,-7.0345004e+15,1.1773487e+17,3.0499821e+16,1.6268466e+18,,,,,,,,,,,,,,,,,,,,,,,,,,,,,,,,,,,,,,,,,,,,,,,,,,,,,,,,,,,,,,,,,,,,,,,,,,,,,,,,,,,,,,,,,,,,,,,,,,,,,,,,,,,,,,,,,,,,,,,,,,,,,,,,,,,,,,,,,,,,,,,,,,,,,,,,,,,,,,,,,,,,,,,,,,,,,,,,,,,,,,,,,,,,,,,,,,,,,,,,,,,,,,,,,,,,,,,,,,,,,,,,,,,,,,,,,,,,,,,,,,,,,,,,,,,,,,,,,,,,,,,,,,,,,,,,,,,,,,,,,,,,,,,,,,,,,,,,,,,,,,,,,,,,,,,,,,,,,,,,,,,,,,,,,,,,,,,,,,,,,,,,,,,,,,,,,,,,,,,,,,,,,,,,,,,,,,,,,,,,,,,,,,,,,,,,,,,,,,,,,,,,,,,,,,,,,,,,,,,,,,,,,,,,,,,,,,,,,,,,,,,,,,,,,,,,,,,,,,,,,,,,,,,,,,,,,,,,,,,,,,,,,,,,,,,,,,,,,,,,,,,,,,,,,,,,,,,,,,,,,,,,,,,,,,,,,,,,,,,,,,,,,,,,,,,,,,,,,,,,,,,,,,,,,,,,,,,,,,,,,,,,,,,,,,,,,,,,,,,,,,,,,,,,,,,,,,,,,,,,,,,,,,,,,,,,,,,,,,,,,,,,,,,,,,,,,,,,,,,,,,,,,,,,,,,,,,,,,,,,,,,,,,,,,,,,,,,,,,,,,,,,,,,,,,,,,,,,,,,,,,,,,,,,,,,,,,,,,,,,,,,,,,,,,,,,,,,,,,,,,,,,,,,,,,,,,,,,,,,,,,,,,,,,,,,,,,,,,,,,,,,,,,,,,,,,,,,,,,,,,,,,,,,,,,,,,,,,,,,,,,,,,,,,,,,,,,,,,,,,,,,,,,,,,,,,,,,,,,,,,,,,,,,,,,,,,,,,,,,,,,,,,,,,,,,,,,,,,,,,,,,,,,,,,,,,,,,,,,,,,,,,,,,,,,,,,,,,,,,,,,,,,,,,,,,,,,,,,,,,,,,,,,,,,,,,,,,,,,,,,,,,,,,,,,,,,,,,,,,,,,,,,,,,,,,,,,,,,,,,,,,,,,,,,,,,,,,,,,,,,,,,,,,,,,,,,,,,,,,,,,,,,,,,,,,,,,,,,,,,,,,,,,,,,,,,,,,,,,,,,,,,,,,,,,,,,,,,,,,,,,,,,,,,,,,,,,,,,,,,,,,,,,,,,,,,,,,,,,,,,,,,,,,,,,,,,,,,,,,,,,,,,
287.326,287.30643,287.28497,287.2627,287.24222,287.22354,287.20828,287.1956,287.18622,287.17886,287.17432,287.17172,287.17133,287.1725,287.17532,287.17984,287.18802,287.1978,287.214,287.22592,287.25055,287.259,287.29623,287.29245,287.35123,287.32175,287.4489,287.3436,287.6305,287.32733,287.94354,287.2036,288.37634,286.81927,289.1415,285.8978,290.72968,284.4181,293.53262,279.81265,300.6014,269.38086,315.50327,246.4555,349.954,193.21101,439.09332,63.39179,625.87384,-218.77435,1046.0371,-1218.3219,2553.6978,-3106.6826,5383.028,-7352.104,11750.089,-16903.756,26076.266,-38395.383,58305.074,-86723.49,130810.57,-195490.52,293962.2,-440221.44,661055.4,-990858.56,1.4870118e+06,-2.2297962e+06,3.3454158e+06,-5.017406e+06,7.526823e+06,-1.1289512e+07,1.6934996e+07,-2.5401798e+07,3.8103456e+07,-5.7154468e+07,8.5732584e+07,-1.2859811e+08,1.928977e+08,-2.893455e+08,4.3401894e+08,-6.510282e+08,9.765433e+08,-1.464817e+09,2.1972252e+09,-3.2958387e+09,4.9437676e+09,-7.415674e+09,1.1123406e+10,-1.668517e+10,2.5027774e+10,-3.7541614e+10,5.631248e+10,-8.44687e+10,1.26703e+11,-1.9005494e+11,2.8508216e+11,-4.2762348e+11,6.414359e+11,-9.621564e+11,1.4432356e+12,-2.1648617e+12,,,,,,,,,,,,,,,,,,,,,,,,,,,,,,,,,,,,,,,,,,,,,,,,,,,,,,,,,,,,,,,,,,,,,,,,,,,,,,,,,,,,,,,,,,,,,,,,,,,,,,,,,,,,,,,,,,,,,,,,,,,,,,,,,,,,,,,,,,,,,,,,,,,,,,,,,,,,,,,,,,,,,,,,,,,,,,,,,,,,,,,,,,,,,,,,,,,,,,,,,,,,,,,,,,,,,,,,,,,,,,,,,,,,,,,,,,,,,,,,,,,,,,,,,,,,,,,,,,,,,,,,,,,,,,,,,,,,,,,,,,,,,,,,,,,,,,,,,,,,,,,,,,,,,,,,,,,,,,,,,,,,,,,,,,,,,,,,,,,,,,,,,,,,,,,,,,,,,,,,,,,,,,,,,,,,,,,,,,,,,,,,,,,,,,,,,,,,,,,,,,,,,,,,,,,,,,,,,,,,,,,,,,,,,,,,,,,,,,,,,,,,,,,,,,,,,,,,,,,,,,,,,,,,,,,,,,,,,,,,,,,,,,,,,,,,,,,,,,,,,,,,,,,,,,,,,,,,,,,,,,,,,,,,,,,,,,,,,,,,,,,,,,,,,,,,,,,,,,,,,,,,,,,,,,,,,,,,,,,,,,,,,,,,,,,,,,,,,,,,,,,,,,,,,,,,,,,,,,,,,,,,,,,,,,,,,,,,,,,,,,,,,,,,,,,,,,,,,,,,,,,,,,,,,,,,,,,,,,,,,,,,,,,,,,,,,,,,,,,,,,,,,,,,,,,,,,,,,,,,,,,,,,,,,,,,,,,,,,,,,,,,,,,,,,,,,,,,,,,,,,,,,,,,,,,,,,,,,,,,,,,,,,,,,,,,,,,,,,,,,,,,,,,,,,,,,,,,,,,,,,,,,,,,,,,,,,,,,,,,,,,,,,,,,,,,,,,,,,,,,,,,,,,,,,,,,,,,,,,,,,,,,,,,,,,,,,,,,,,,,,,,,,,,,,,,,,,,,,,,,,,,,,,,,,,,,,,,,,,,,,,,,,,,,,,,,,,,,,,,,,,,,,,,,,,,,,,,,,,,,,,,,,,,,,,,,,,,,,,,,,,,,,,,,,,,,,,,,,,,,,,,,,,,,,,,,,,,,,,,,,,,,,,,,,,,,,,,,,,,,,,,,,,,,,,,,,,,,,,,,,,,,,,,,,,,,,,,,,,,,,,,,,,,,,,,,,,,,,,,,,,,,,,,,,,,,,,,,,,,,,,,,,,,,,,,,,,,,,,,,,,,,,,,,,,,,,,,,,,,,,,,,,,,,,,,,,,,,,,,,,,,,
287.3324,287.31473,287.29446,287.27304,287.2521,287.233,287.21634,287.20264,287.19174,287.18338,287.17743,287.17392,287.17227,287.17276,287.17453,287.17825,287.18475,287.19345,287.20755,287.2194,287.24136,287.25146,287.28418,287.28568,287.33517,287.31796,287.41818,287.35007,287.56848,287.36426,287.81784,287.31244,288.12897,287.1187,288.58853,286.79987,289.27548,289.01474,286.04004,289.61453,283.04074,294.44785,276.57147,304.13312,262.7446,325.2958,230.12611,373.4617,159.58995,481.7757,-2.1979597,783.1621,-459.13092,1405.3115,-1395.688,2787.072,-3394.6885,5906.804,-8288.906,13068.709,-18653.43,29641.053,-52676.42,51626.184,35372.52,103271.7,-171173.73,-51483.69,473928.12,-291058.3,-5.4951105e+06,1.4739008e+07,-5.7012475e+06,1.8591899e+06,0.0,-2.48913e+07,2.8877293e+08,1.1076714e+08,-4.6790442e+08,-1.6509188e+09,6.6658616e+09,-9.374754e+09,2.022372e+10,-2.1243689e+10,3.96753e+10,-4.64333e+10,2.3860457e+10,8.122561e+10,-0.0,-4.956397e+12,1.6320204e+13,6.0239774e+11,1.3201746e+12,-7.8859044e+12,1.2527588e+13,-3.3222994e+13,2.1063631e+13,-1.8455266e+14,5.01983e+14,4.4410257e+15,-3.8050943e+15,1.1408032e+17,2.5083558e+16,1.6381167e+18,,,,,,,,,,,,,,,,,,,,,,,,,,,,,,,,,,,,,,,,,,,,,,,,,,,,,,,,,,,,,,,,,,,,,,,,,,,,,,,,,,,,,,,,,,,,,,,,,,,,,,,,,,,,,,,,,,,,,,,,,,,,,,,,,,,,,,,,,,,,,,,,,,,,,,,,,,,,,,,,,,,,,,,,,,,,,,,,,,,,,,,,,,,,,,,,,,,,,,,,,,,,,,,,,,,,,,,,,,,,,,,,,,,,,,,,,,,,,,,,,,,,,,,,,,,,,,,,,,,,,,,,,,,,,,,,,,,,,,,,,,,,,,,,,,,,,,,,,,,,,,,,,,,,,,,,,,,,,,,,,,,,,,,,,,,,,,,,,,,,,,,,,,,,,,,,,,,,,,,,,,,,,,,,,,,,,,,,,,,,,,,,,,,,,,,,,,,,,,,,,,,,,,,,,,,,,,,,,,,,,,,,,,,,,,,,,,,,,,,,,,,,,,,,,,,,,,,,,,,,,,,,,,,,,,,,,,,,,,,,,,,,,,,,,,,,,,,,,,,,,,,,,,,,,,,,,,,,,,,,,,,,,,,,,,,,,,,,,,,,,,,,,,,,,,,,,,,,,,,,,,,,,,,,,,,,,,,,,,,,,,,,,,,,,,,,,,,,,,,,,,,,,,,,,,,,,,,,,,,,,,,,,,,,,,,,,,,,,,,,,,,,,,,,,,,,,,,,,,,,,,,,,,,,,,,,,,,,,,,,,,,,,,,,,,,,,,,,,,,,,,,,,,,,,,,,,,,,,,,,,,,,,,,,,,,,,,,,,,,,,,,,,,,,,,,,,,,,,,,,,,,,,,,,,,,,,,,,,,,,,,,,,,,,,,,,,,,,,,,,,,,,,,,,,,,,,,,,,,,,,,,,,,,,,,,,,,,,,,,,,,,,,,,,,,,,,,,,,,,,,,,,,,,,,,,,,,,,,,,,,,,,,,,,,,,,,,,,,,,,,,,,,,,,,,,,,,,,,,,,,,,,,,,,,,,,,,,,,,,,,,,,,,,,,,,,,,,,,,,,,,,,,,,,,,,,,,,,,,,,,,,,,,,,,,,,,,,,,,,,,,,,,,,,,,,,,,,,,,,,,,,,,,,,,,,,,,,,,,,,,,,,,,,,,,,,,,,,,,,,,,,,,,,,,,,,,,,,,,,,,,,,,,,,,,,,,,,,,,,,,,,,,,,,,,,,,,,,,,,,,,,,,,,,,,,,,,,,,,,,,,,,,,,,,,,,,,,,,,,,,,,,,,,,,,,,,,,,,,,,,,,,,,,,,,,,,,,,,,,,,,,,,
287.33752,287.32187,287.30328,287.28275,287.2621,287.24237,287.22507,287.21005,287.198,287.1884,287.1813,287.17654,287.17395,287.17328,287.1744,287.177,287.18234,287.18964,287.2019,287.2133,287.23282,287.24426,287.27258,287.27902,287.31973,287.3139,287.38977,287.3542,287.51163,287.39313,287.70438,287.40335,287.90802,287.33444,288.14874,287.2035,288.4364,288.76303,288.29654,286.7838,288.72662,286.9239,288.82208,286.24814,290.04294,282.8739,304.3567,265.3429,322.78693,235.7015,364.17706,-195.9733,1020.0046,-806.306,1932.2952,-2176.1675,3986.0237,-5257.8306,8607.196,-12191.954,18999.756,-27765.709,42373.598,-62835.062,94979.46,-141747.84,213344.7,-319292.22,479662.88,-718773.0,1.0788775e+06,-1.617603e+06,2.4271205e+06,-3.6399575e+06,5.460664e+06,-8.1902985e+06,1.2286228e+07,-1.8428636e+07,2.7643816e+07,-4.1464896e+07,6.219797e+07,-9.329586e+07,1.399446e+08,-2.0991674e+08,3.148763e+08,-4.7231635e+08,7.084741e+08,-1.0627124e+09,1.5940777e+09,-2.391133e+09,3.5866053e+09,-5.37998e+09,8.069993e+09,-1.2104931e+10,1.8157466e+10,-2.7236184e+10,4.085423e+10,-6.128173e+10,9.192242e+10,-1.3788606e+11,2.0682952e+11,-3.10233e+11,4.6534423e+11,-6.979861e+11,,,,,,,,,,,,,,,,,,,,,,,,,,,,,,,,,,,,,,,,,,,,,,,,,,,,,,,,,,,,,,,,,,,,,,,,,,,,,,,,,,,,,,,,,,,,,,,,,,,,,,,,,,,,,,,,,,,,,,,,,,,,,,,,,,,,,,,,,,,,,,,,,,,,,,,,,,,,,,,,,,,,,,,,,,,,,,,,,,,,,,,,,,,,,,,,,,,,,,,,,,,,,,,,,,,,,,,,,,,,,,,,,,,,,,,,,,,,,,,,,,,,,,,,,,,,,,,,,,,,,,,,,,,,,,,,,,,,,,,,,,,,,,,,,,,,,,,,,,,,,,,,,,,,,,,,,,,,,,,,,,,,,,,,,,,,,,,,,,,,,,,,,,,,,,,,,,,,,,,,,,,,,,,,,,,,,,,,,,,,,,,,,,,,,,,,,,,,,,,,,,,,,,,,,,,,,,,,,,,,,,,,,,,,,,,,,,,,,,,,,,,,,,,,,,,,,,,,,,,,,,,,,,,,,,,,,,,,,,,,,,,,,,,,,,,,,,,,,,,,,,,,,,,,,,,,,,,,,,,,,,,,,,,,,,,,,,,,,,,,,,,,,,,,,,,,,,,,,,,,,,,,,,,,,,,,,,,,,,,,,,,,,,,,,,,,,,,,,,,,,,,,,,,,,,,,,,,,,,,,,,,,,,,,,,,,,,,,,,,,,,,,,,,,,,,,,,,,,,,,,,,,,,,,,,,,,,,,,,,,,,,,,,,,,,,,,,,,,,,,,,,,,,,,,,,,,,,,,,,,,,,,,,,,,,,,,,,,,,,,,,,,,,,,,,,,,,,,,,,,,,,,,,,,,,,,,,,,,,,,,,,,,,,,,,,,,,,,,,,,,,,,,,,,,,,,,,,,,,,,,,,,,,,,,,,,,,,,,,,,,,,,,,,,,,,,,,,,,,,,,,,,,,,,,,,,,,,,,,,,,,,,,,,,,,,,,,,,,,,,,,,,,,,,,,,,,,,,,,,,,,,,,,,,,,,,,,,,,,,,,,,,,,,,,,,,,,,,,,,,,,,,,,,,,,,,,,,,,,,,,,,,,,,,,,,,,,,,,,,,,,,,,,,,,,,,,,,,,,,,,,,,,,,,,,,,,,,,,,,,,,,,,,,,,,,,,,,,,,,,,,,,,,,,,,,,,,,,,,,,,,,,,,,,,,,,,,,,,,,,,,,,,,,,,,,,,,,,,,,,,,,,,,,,,,,,,,,,,,,,,,,,,,,,,,,,,,,,,,,,,,,,,,,,,,,,,,,,,,,,,,,,,,,,,,,,,,,,,,,,,,,,,
287.34122,287.32788,287.3111,287.29187,287.27176,287.2519,287.23395,287.21802,287.20474,287.19397,287.18576,287.17978,287.17612,287.17447,287.17462,287.17642,287.18036,287.18665,287.19687,287.20795,287.2247,287.2377,287.26126,287.2728,287.30453,287.31,287.36353,287.3565,287.4605,287.4145,287.60635,287.4695,287.73624,287.48816,287.82944,287.54742,287.8252,289.0652,287.41727,287.51184,286.49478,289.22882,284.46884,292.29733,280.52423,298.66364,270.18375,313.41055,249.7192,346.63672,200.55446,479.4949,-3.3758798,721.7144,-369.33722,1247.6039,-1085.5087,2438.4888,-3083.6824,5253.077,-6930.6978,12052.961,-26326.857,11956.052,94658.47,13171.396,-37703.36,-248705.28,772585.0,-709658.7,-4.861478e+06,1.3959296e+07,-4.6053295e+06,265484.78,2.2001032e+06,-2.7317232e+07,2.965772e+08,9.732047e+07,-4.3257917e+08,-1.7268288e+09,6.7165297e+09,-9.497389e+09,2.0894702e+10,-2.2839001e+10,3.788517e+10,-5.0552177e+10,2.1477974e+10,-3.7737464e+10,1.551135e+12,-7.381596e+12,1.995077e+13,-4.824121e+12,9.11804e+12,-2.0002866e+13,2.8569361e+13,-5.5190942e+13,6.0553674e+13,-2.378972e+14,5.6253525e+14,4.3516837e+15,-3.6802853e+15,1.1407281e+17,2.4506162e+16,1.6379572e+18,,,,,,,,,,,,,,,,,,,,,,,,,,,,,,,,,,,,,,,,,,,,,,,,,,,,,,,,,,,,,,,,,,,,,,,,,,,,,,,,,,,,,,,,,,,,,,,,,,,,,,,,,,,,,,,,,,,,,,,,,,,,,,,,,,,,,,,,,,,,,,,,,,,,,,,,,,,,,,,,,,,,,,,,,,,,,,,,,,,,,,,,,,,,,,,,,,,,,,,,,,,,,,,,,,,,,,,,,,,,,,,,,,,,,,,,,,,,,,,,,,,,,,,,,,,,,,,,,,,,,,,,,,,,,,,,,,,,,,,,,,,,,,,,,,,,,,,,,,,,,,,,,,,,,,,,,,,,,,,,,,,,,,,,,,,,,,,,,,,,,,,,,,,,,,,,,,,,,,,,,,,,,,,,,,,,,,,,,,,,,,,,,,,,,,,,,,,,,,,,,,,,,,,,,,,,,,,,,,,,,,,,,,,,,,,,,,,,,,,,,,,,,,,,,,,,,,,,,,,,,,,,,,,,,,,,,,,,,,,,,,,,,,,,,,,,,,,,,,,,,,,,,,,,,,,,,,,,,,,,,,,,,,,,,,,,,,,,,,,,,,,,,,,,,,,,,,,,,,,,,,,,,,,,,,,,,,,,,,,,,,,,,,,,,,,,,,,,,,,,,,,,,,,,,,,,,,,,,,,,,,,,,,,,,,,,,,,,,,,,,,,,,,,,,,,,,,,,,,,,,,,,,,,,,,,,,,,,,,,,,,,,,,,,,,,,,,,,,,,,,,,,,,,,,,,,,,,,,,,,,,,,,,,,,,,,,,,,,,,,,,,,,,,,,,,,,,,,,,,,,,,,,,,,,,,,,,,,,,,,,,,,,,,,,,,,,,,,,,,,,,,,,,,,,,,,,,,,,,,,,,,,,,,,,,,,,,,,,,,,,,,,,,,,,,,,,,,,,,,,,,,,,,,,,,,,,,,,,,,,,,,,,,,,,,,,,,,,,,,,,,,,,,,,,,,,,,,,,,,,,,,,,,,,,,,,,,,,,,,,,,,,,,,,,,,,,,,,,,,,,,,,,,,,,,,,,,,,,,,,,,,,,,,,,,,,,,,,,,,,,,,,,,,,,,,,,,,,,,,,,,,,,,,,,,,,,,,,,,,,,,,,,,,,,,,,,,,,,,,,,,,,,,,,,,,,,,,,,,,,,,,,,,,,,,,,,,,,,,,,,,,,,,,,,,,,,,,,,,,,,,,,,,,,,,,,,,,,,,,,,,,,,,,,,,,,,,,,,,,,,,,,,,,,,,,,,,,,,,,,,,,,,,,,,,,,,,,,,,,,,,,,,
287.34344,287.33264,287.31787,287.3002,287.28094,287.26135,287.2429,287.22635,287.21198,287.20013,287.1907,287.18365,287.1788,287.1762,287.17526,287.17636,287.179,287.18433,287.19254,287.2032,287.21713,287.23166,287.2504,287.26685,287.2899,287.30603,287.33954,287.35733,287.4149,287.43024,287.5212,287.5186,287.60983,287.57742,287.66434,287.66165,287.67575,288.55035,287.9649,287.5409,287.3235,289.05212,285.48346,291.18143,282.5475,294.0102,287.46768,290.6134,284.7973,292.6017,278.75095,-68.45987,828.6052,-519.3263,1501.6957,-1530.3889,3017.2407,-3804.7996,6427.4946,-8922.547,14095.502,-20409.521,31338.898,-46282.77,70152.39,-104508.17,157485.03,-235501.39,353978.47,-530246.5,796078.25,-1.193416e+06,1.7908471e+06,-2.685545e+06,4.029047e+06,-6.0428645e+06,9.065151e+06,-1.3597096e+07,2.0396454e+07,-3.0593606e+07,4.5891508e+07,-6.883592e+07,1.03255464e+08,-1.5488285e+08,2.3232624e+08,-3.484905e+08,5.227338e+08,-7.8409344e+08,1.1760934e+09,-1.7642282e+09,2.6461765e+09,-3.9692987e+09,5.953964e+09,-8.930898e+09,1.339641e+10,-2.0094611e+10,3.0141862e+10,-4.5213204e+10,6.7819614e+10,-1.0173162e+11,1.5259786e+11,-2.2888332e+11,3.433181e+11,-5.149335e+11,,,,,,,,,,,,,,,,,,,,,,,,,,,,,,,,,,,,,,,,,,,,,,,,,,,,,,,,,,,,,,,,,,,,,,,,,,,,,,,,,,,,,,,,,,,,,,,,,,,,,,,,,,,,,,,,,,,,,,,,,,,,,,,,,,,,,,,,,,,,,,,,,,,,,,,,,,,,,,,,,,,,,,,,,,,,,,,,,,,,,,,,,,,,,,,,,,,,,,,,,,,,,,,,,,,,,,,,,,,,,,,,,,,,,,,,,,,,,,,,,,,,,,,,,,,,,,,,,,,,,,,,,,,,,,,,,,,,,,,,,,,,,,,,,,,,,,,,,,,,,,,,,,,,,,,,,,,,,,,,,,,,,,,,,,,,,,,,,,,,,,,,,,,,,,,,,,,,,,,,,,,,,,,,,,,,,,,,,,,,,,,,,,,,,,,,,,,,,,,,,,,,,,,,,,,,,,,,,,,,,,,,,,,,,,,,,,,,,,,,,,,,,,,,,,,,,,,,,,,,,,,,,,,,,,,,,,,,,,,,,,,,,,,,,,,,,,,,,,,,,,,,,,,,,,,,,,,,,,,,,,,,,,,,,,,,,,,,,,,,,,,,,,,,,,,,,,,,,,,,,,,,,,,,,,,,,,,,,,,,,,,,,,,,,,,,,,,,,,,,,,,,,,,,,,,,,,,,,,,,,,,,,,,,,,,,,,,,,,,,,,,,,,,,,,,,,,,,,,,,,,,,,,,,,,,,,,,,,,,,,,,,,,,,,,,,,,,,,,,,,,,,,,,,,,,,,,,,,,,,,,,,,,,,,,,,,,,,,,,,,,,,,,,,,,,,,,,,,,,,,,,,,,,,,,,,,,,,,,,,,,,,,,,,,,,,,,,,,,,,,,,,,,,,,,,,,,,,,,,,,,,,,,,,,,,,,,,,,,,,,,,,,,,,,,,,,,,,,,,,,,,,,,,,,,,,,,,,,,,,,,,,,,,,,,,,,,,,,,,,,,,,,,,,,,,,,,,,,,,,,,,,,,,,,,,,,,,,,,,,,,,,,,,,,,,,,,,,,,,,,,,,,,,,,,,,,,,,,,,,,,,,,,,,,,,,,,,,,,,,,,,,,,,,,,,,,,,,,,,,,,,,,,,,,,,,,,,,,,,,,,,,,,,,,,,,,,,,,,,,,,,,,,,,,,,,,,,,,,,,,,,,,,,,,,,,,,,,,,,,,,,,,,,,,,,,,,,,,,,,,,,,,,,,,,,,,,,,,,,,,,,,,,,,,,,,,,,,,,,,,,,,,,,,,,,,,,,,,,,,,,,,,,,,,,,,,,,,,,,,,,,,,
287.34415,287.336,287.32355,287.30762,287.28952,287.27054,287.25192,287.23486,287.21964,287.20673,287.1963,287.18802,287.18213,287.17834,287.17664,287.1765,287.17844,287.1823,287.1892,287.1987,287.21066,287.22565,287.24057,287.26065,287.2762,287.30154,287.31805,287.35663,287.37393,287.44202,287.44092,287.56213,287.48907,287.65704,287.5544,287.70346,287.6755,287.69733,288.9343,283.79904,292.44504,279.72128,298.67014,270.7401,312.70413,250.30777,342.95468,204.17633,413.55887,100.86973,569.1654,-71.43507,823.4749,-518.0133,1490.8805,-1541.7906,3100.4348,-3832.0466,6330.0264,-8863.813,14246.285,-19709.006,21314.457,-59585.355,201934.23,-147665.84,203271.45,-608487.7,1.3171886e+06,-1.5184491e+06,-3.6492615e+06,1.2116197e+07,-1.9095941e+06,-3.6321942e+06,7.706146e+06,-3.5401704e+07,3.081737e+08,8.6737864e+07,-4.155218e+08,-1.748595e+09,6.743727e+09,-9.664396e+09,2.1143212e+10,-2.3277117e+10,3.854748e+10,-5.172689e+10,2.3502647e+10,-4.081086e+10,1.5550222e+12,-7.3933343e+12,1.9967272e+13,-4.827853e+12,5.2824475e+12,-6.9079914e+12,1.6032207e+13,-5.182226e+13,4.975806e+13,-2.1027618e+14,5.105775e+14,4.4432384e+15,-3.7975381e+15,1.1423121e+17,2.382305e+16,1.6379147e+18,,,,,,,,,,,,,,,,,,,,,,,,,,,,,,,,,,,,,,,,,,,,,,,,,,,,,,,,,,,,,,,,,,,,,,,,,,,,,,,,,,,,,,,,,,,,,,,,,,,,,,,,,,,,,,,,,,,,,,,,,,,,,,,,,,,,,,,,,,,,,,,,,,,,,,,,,,,,,,,,,,,,,,,,,,,,,,,,,,,,,,,,,,,,,,,,,,,,,,,,,,,,,,,,,,,,,,,,,,,,,,,,,,,,,,,,,,,,,,,,,,,,,,,,,,,,,,,,,,,,,,,,,,,,,,,,,,,,,,,,,,,,,,,,,,,,,,,,,,,,,,,,,,,,,,,,,,,,,,,,,,,,,,,,,,,,,,,,,,,,,,,,,,,,,,,,,,,,,,,,,,,,,,,,,,,,,,,,,,,,,,,,,,,,,,,,,,,,,,,,,,,,,,,,,,,,,,,,,,,,,,,,,,,,,,,,,,,,,,,,,,,,,,,,,,,,,,,,,,,,,,,,,,,,,,,,,,,,,,,,,,,,,,,,,,,,,,,,,,,,,,,,,,,,,,,,,,,,,,,,,,,,,,,,,,,,,,,,,,,,,,,,,,,,,,,,,,,,,,,,,,,,,,,,,,,,,,,,,,,,,,,,,,,,,,,,,,,,,,,,,,,,,,,,,,,,,,,,,,,,,,,,,,,,,,,,,,,,,,,,,,,,,,,,,,,,,,,,,,,,,,,,,,,,,,,,,,,,,,,,,,,,,,,,,,,,,,,,,,,,,,,,,,,,,,,,,,,,,,,,,,,,,,,,,,,,,,,,,,,,,,,,,,,,,,,,,,,,,,,,,,,,,,,,,,,,,,,,,,,,,,,,,,,,,,,,,,,,,,,,,,,,,,,,,,,,,,,,,,,,,,,,,,,,,,,,,,,,,,,,,,,,,,,,,,,,,,,,,,,,,,,,,,,,,,,,,,,,,,,,,,,,,,,,,,,,,,,,,,,,,,,,,,,,,,,,,,,,,,,,,,,,,,,,,,,,,,,,,,,,,,,,,,,,,,,,,,,,,,,,,,,,,,,,,,,,,,,,,,,,,,,,,,,,,,,,,,,,,,,,,,,,,,,,,,,,,,,,,,,,,,,,,,,,,,,,,,,,,,,,,,,,,,,,,,,,,,,,,,,,,,,,,,,,,,,,,,,,,,,,,,,,,,,,,,,,,,,,,,,,,,,,,,,,,,,,,,,,,,,,,,,,,,,,,,,,,,,,,,,,,,,,,,,,,,,,,,,,,,,,,,,,,,,,,,,,,,,,,,,,,,,,,,,,,,,,,,,,,,,,,,,,,
287.3433,287.33795,287.32794,287.31403,287.29733,287.27927,287.2608,287.2435,287.22754,287.2138,287.20227,287.19302,287.18588,287.18112,287.1783,287.17737,287.17816,287.18115,287.18628,287.19522,287.20453,287.2204,287.23108,287.25507,287.26266,287.29767,287.2972,287.35635,287.33453,287.4536,287.35614,287.6122,287.32007,287.79492,287.29648,287.92508,287.41254,287.33286,288.9005,283.34195,292.20242,280.24966,297.74182,271.8382,310.70633,251.02838,351.42706,193.85126,429.18124,75.27845,603.9565,-555.4205,1558.4037,-1614.7131,3144.09,-3994.7234,6712.946,-9349.109,14743.192,-21396.947,32806.184,-48476.387,73438.98,-109435.23,164875.03,-246591.05,370607.94,-555192.2,833506.44,-1.2495409e+06,1.8750488e+06,-2.8118348e+06,4.2184465e+06,-6.3269565e+06,9.491157e+06,-1.4236067e+07,2.1354674e+07,-3.203109e+07,4.804766e+07,-7.207152e+07,1.0810611e+08,-1.6215922e+08,2.4323549e+08,-3.6485488e+08,5.47239e+08,-8.2085414e+08,1.2312767e+09,-1.846907e+09,2.7703503e+09,-4.1555343e+09,6.2332344e+09,-9.349945e+09,1.4024936e+10,-2.1037353e+10,3.15561e+10,-4.733412e+10,7.100112e+10,-1.0650205e+11,1.5975295e+11,-2.3963217e+11,3.594487e+11,-5.3916457e+11,8.087437e+11,-1.2131037e+12,,,,,,,,,,,,,,,,,,,,,,,,,,,,,,,,,,,,,,,,,,,,,,,,,,,,,,,,,,,,,,,,,,,,,,,,,,,,,,,,,,,,,,,,,,,,,,,,,,,,,,,,,,,,,,,,,,,,,,,,,,,,,,,,,,,,,,,,,,,,,,,,,,,,,,,,,,,,,,,,,,,,,,,,,,,,,,,,,,,,,,,,,,,,,,,,,,,,,,,,,,,,,,,,,,,,,,,,,,,,,,,,,,,,,,,,,,,,,,,,,,,,,,,,,,,,,,,,,,,,,,,,,,,,,,,,,,,,,,,,,,,,,,,,,,,,,,,,,,,,,,,,,,,,,,,,,,,,,,,,,,,,,,,,,,,,,,,,,,,,,,,,,,,,,,,,,,,,,,,,,,,,,,,,,,,,,,,,,,,,,,,,,,,,,,,,,,,,,,,,,,,,,,,,,,,,,,,,,,,,,,,,,,,,,,,,,,,,,,,,,,,,,,,,,,,,,,,,,,,,,,,,,,,,,,,,,,,,,,,,,,,,,,,,,,,,,,,,,,,,,,,,,,,,,,,,,,,,,,,,,,,,,,,,,,,,,,,,,,,,,,,,,,,,,,,,,,,,,,,,,,,,,,,,,,,,,,,,,,,,,,,,,,,,,,,,,,,,,,,,,,,,,,,,,,,,,,,,,,,,,,,,,,,,,,,,,,,,,,,,,,,,,,,,,,,,,,,,,,,,,,,,,,,,,,,,,,,,,,,,,,,,,,,,,,,,,,,,,,,,,,,,,,,,,,,,,,,,,,,,,,,,,,,,,,,,,,,,,,,,,,,,,,,,,,,,,,,,,,,,,,,,,,,,,,,,,,,,,,,,,,,,,,,,,,,,,,,,,,,,,,,,,,,,,,,,,,,,,,,,,,,,,,,,,,,,,,,,,,,,,,,,,,,,,,,,,,,,,,,,,,,,,,,,,,,,,,,,,,,,,,,,,,,,,,,,,,,,,,,,,,,,,,,,,,,,,,,,,,,,,,,,,,,,,,,,,,,,,,,,,,,,,,,,,,,,,,,,,,,,,,,,,,,,,,,,,,,,,,,,,,,,,,,,,,,,,,,,,,,,,,,,,,,,,,,,,,,,,,,,,,,,,,,,,,,,,,,,,,,,,,,,,,,,,,,,,,,,,,,,,,,,,,,,,,,,,,,,,,,,,,,,,,,,,,,,,,,,,,,,,,,,,,,,,,,,,,,,,,,,,,,,,,,,,,,,,,,,,,,,,,,,,,,,,,,,,,,,,,,,,,,,,,,,,,,,,,,,,,,,,,,,,,,,,,,,,,,,,,,,,,,,,
287.34082,287.33844,287.331,287.3193,287.3043,287.28738,287.26944,287.25204,287.23566,287.22122,287.2087,287.19843,287.1903,287.18433,287.18063,287.17853,287.17856,287.18042,287.18423,287.192,287.19955,287.21515,287.2228,287.24908,287.25034,287.29306,287.27795,287.35526,287.2972,287.46426,287.26974,287.66556,287.11472,287.9757,286.85,288.40085,286.49338,288.05182,288.56833,283.56613,292.39935,279.41382,298.78293,270.2526,313.15195,249.32248,344.03455,202.26425,416.11267,96.733406,575.0573,-81.24824,837.6221,-539.69476,1522.8821,-1590.4662,3173.2786,-3940.1516,6490.733,-9105.841,14608.838,-20248.482,22202.928,-60265.18,203214.34,-144143.92,200984.48,-607177.8,1.3165211e+06,-1.5381098e+06,-3.619934e+06,1.2111206e+07,-2.003652e+06,-3.6506342e+06,7.577527e+06,-3.4011456e+07,3.068283e+08,9.150453e+07,-4.3644854e+08,-1.7276576e+09,6.7336934e+09,-9.649409e+09,2.1185147e+10,-2.327942e+10,3.857386e+10,-5.13302e+10,2.2960062e+10,-3.98283e+10,1.5500577e+12,-7.045025e+12,1.9445e+13,-4.1205653e+12,4.125454e+12,-5.5210913e+12,1.3974824e+13,-4.6374947e+13,4.176802e+13,-1.9462938e+14,4.7125733e+14,4.512194e+15,-3.8788228e+15,1.1409519e+17,2.3388788e+16,1.6375449e+18,,,,,,,,,,,,,,,,,,,,,,,,,,,,,,,,,,,,,,,,,,,,,,,,,,,,,,,,,,,,,,,,,,,,,,,,,,,,,,,,,,,,,,,,,,,,,,,,,,,,,,,,,,,,,,,,,,,,,,,,,,,,,,,,,,,,,,,,,,,,,,,,,,,,,,,,,,,,,,,,,,,,,,,,,,,,,,,,,,,,,,,,,,,,,,,,,,,,,,,,,,,,,,,,,,,,,,,,,,,,,,,,,,,,,,,,,,,,,,,,,,,,,,,,,,,,,,,,,,,,,,,,,,,,,,,,,,,,,,,,,,,,,,,,,,,,,,,,,,,,,,,,,,,,,,,,,,,,,,,,,,,,,,,,,,,,,,,,,,,,,,,,,,,,,,,,,,,,,,,,,,,,,,,,,,,,,,,,,,,,,,,,,,,,,,,,,,,,,,,,,,,,,,,,,,,,,,,,,,,,,,,,,,,,,,,,,,,,,,,,,,,,,,,,,,,,,,,,,,,,,,,,,,,,,,,,,,,,,,,,,,,,,,,,,,,,,,,,,,,,,,,,,,,,,,,,,,,,,,,,,,,,,,,,,,,,,,,,,,,,,,,,,,,,,,,,,,,,,,,,,,,,,,,,,,,,,,,,,,,,,,,,,,,,,,,,,,,,,,,,,,,,,,,,,,,,,,,,,,,,,,,,,,,,,,,,,,,,,,,,,,,,,,,,,,,,,,,,,,,,,,,,,,,,,,,,,,,,,,,,,,,,,,,,,,,,,,,,,,,,,,,,,,,,,,,,,,,,,,,,,,,,,,,,,,,,,,,,,,,,,,,,,,,,,,,,,,,,,,,,,,,,,,,,,,,,,,,,,,,,,,,,,,,,,,,,,,,,,,,,,,,,,,,,,,,,,,,,,,,,,,,,,,,,,,,,,,,,,,,,,,,,,,,,,,,,,,,,,,,,,,,,,,,,,,,,,,,,,,,,,,,,,,,,,,,,,,,,,,,,,,,,,,,,,,,,,,,,,,,,,,,,,,,,,,,,,,,,,,,,,,,,,,,,,,,,,,,,,,,,,,,,,,,,,,,,,,,,,,,,,,,,,,,,,,,,,,,,,,,,,,,,,,,,,,,,,,,,,,,,,,,,,,,,,,,,,,,,,,,,,,,,,,,,,,,,,,,,,,,,,,,,,,,,,,,,,,,,,,,,,,,,,,,,,,,,,,,,,,,,,,,,,,,,,,,,,,,,,,,,,,,,,,,,,,,,,,,,,,,,,,,,,,,,,,,,,,,,,,,,,,,,,,,,,,,,,,,,,,,,,,,,,,,,,,,,,,,,,,,,,,,,,
287.33676,287.33734,287.33264,287.32333,287.31027,287.2947,287.27765,287.26044,287.2439,287.22882,287.21558,287.2042,287.19528,287.188,287.18356,287.18008,287.1796,287.17996,287.18314,287.18903,287.19574,287.2099,287.21582,287.24277,287.23938,287.2878,287.25995,287.3541,287.26077,287.47675,287.18384,287.72437,286.90784,288.17105,286.36337,288.88043,285.3215,288.5092,284.99155,288.64365,283.7084,292.63373,278.8999,299.86816,268.44464,314.24326,256.4822,336.07877,215.66565,395.38354,123.62491,165.25465,477.2505,6.867849,711.57184,-346.10312,1239.8486,-1139.6187,2428.799,-2925.53,5098.8726,-6915.587,11097.732,-15923.805,24606.805,-36188.5,55003.855,-81787.14,123397.48,-184377.97,277309.2,-415219.6,623519.75,-934567.4,1.4025731e+06,-2.1031945e+06,3.1553275e+06,-4.7320335e+06,7.099097e+06,-1.0648782e+07,1.5971815e+07,-2.3957862e+07,3.593319e+07,-5.3901524e+07,8.0808696e+07,-1.2120896e+08,1.8180901e+08,-2.7270557e+08,4.090408e+08,-6.135948e+08,9.202714e+08,-1.3804378e+09,2.0706719e+09,-3.105938e+09,4.658992e+09,-6.9884385e+09,1.0482599e+10,-1.5724253e+10,2.3586275e+10,-3.5382485e+10,5.307421e+10,-7.960523e+10,1.1940652e+11,-1.7911218e+11,,,,,,,,,,,,,,,,,,,,,,,,,,,,,,,,,,,,,,,,,,,,,,,,,,,,,,,,,,,,,,,,,,,,,,,,,,,,,,,,,,,,,,,,,,,,,,,,,,,,,,,,,,,,,,,,,,,,,,,,,,,,,,,,,,,,,,,,,,,,,,,,,,,,,,,,,,,,,,,,,,,,,,,,,,,,,,,,,,,,,,,,,,,,,,,,,,,,,,,,,,,,,,,,,,,,,,,,,,,,,,,,,,,,,,,,,,,,,,,,,,,,,,,,,,,,,,,,,,,,,,,,,,,,,,,,,,,,,,,,,,,,,,,,,,,,,,,,,,,,,,,,,,,,,,,,,,,,,,,,,,,,,,,,,,,,,,,,,,,,,,,,,,,,,,,,,,,,,,,,,,,,,,,,,,,,,,,,,,,,,,,,,,,,,,,,,,,,,,,,,,,,,,,,,,,,,,,,,,,,,,,,,,,,,,,,,,,,,,,,,,,,,,,,,,,,,,,,,,,,,,,,,,,,,,,,,,,,,,,,,,,,,,,,,,,,,,,,,,,,,,,,,,,,,,,,,,,,,,,,,,,,,,,,,,,,,,,,,,,,,,,,,,,,,,,,,,,,,,,,,,,,,,,,,,,,,,,,,,,,,,,,,,,,,,,,,,,,,,,,,,,,,,,,,,,,,,,,,,,,,,,,,,,,,,,,,,,,,,,,,,,,,,,,,,,,,,,,,,,,,,,,,,,,,,,,,,,,,,,,,,,,,,,,,,,,,,,,,,,,,,,,,,,,,,,,,,,,,,,,,,,,,,,,,,,,,,,,,,,,,,,,,,,,,,,,,,,,,,,,,,,,,,,,,,,,,,,,,,,,,,,,,,,,,,,,,,,,,,,,,,,,,,,,,,,,,,,,,,,,,,,,,,,,,,,,,,,,,,,,,,,,,,,,,,,,,,,,,,,,,,,,,,,,,,,,,,,,,,,,,,,,,,,,,,,,,,,,,,,,,,,,,,,,,,,,,,,,,,,,,,,,,,,,,,,,,,,,,,,,,,,,,,,,,,,,,,,,,,,,,,,,,,,,,,,,,,,,,,,,,,,,,,,,,,,,,,,,,,,,,,,,,,,,,,,,,,,,,,,,,,,,,,,,,,,,,,,,,,,,,,,,,,,,,,,,,,,,,,,,,,,,,,,,,,,,,,,,,,,,,,,,,,,,,,,,,,,,,,,,,,,,,,,,,,,,,,,,,,,,,,,,,,,,,,,,,,,,,,,,,,,,,,,,,,,,,,,,,,,,,,,,,,,,,,,,,,,,,,,,,,,,,,,,,,,,,,,,,,,,,,,,,
287.33105,287.33478,287.33276,287.32608,287.31506,287.3013,287.28516,287.26865,287.25192,287.23676,287.22244,287.2107,287.20032,287.1926,287.1865,287.18268,287.18054,287.18063,287.18192,287.18747,287.1917,287.20612,287.2086,287.23785,287.22787,287.28403,287.2409,287.355,287.2234,287.49228,287.10168,287.7824,286.7268,288.3414,285.97867,289.41827,284.39197,291.38907,281.41895,295.95523,274.7224,306.2442,258.77176,330.4471,223.0253,384.62875,141.12251,506.73737,-40.467945,781.6795,-452.2878,1459.4954,-1473.5366,2927.0037,-3677.2249,6209.6445,-8527.195,13610.508,-19834.861,30383.15,-44624.516,68600.914,-111073.04,140134.14,-97374.016,306698.22,-475348.1,406840.4,-202161.12,739925.44,-7.0366435e+06,1.7232254e+07,-9.714616e+06,7.911537e+06,-9.724746e+06,-7.954572e+06,2.6750139e+08,1.5058106e+08,-5.2473184e+08,-1.5956159e+09,6.5362043e+09,-9.349146e+09,2.0730143e+10,-2.25847e+10,3.7530685e+10,-4.976587e+10,2.0592673e+10,-3.627182e+10,1.5472651e+12,-7.0450456e+12,1.9444355e+13,-4.2021594e+12,4.223892e+12,-5.6661225e+12,1.4266468e+13,-4.7016076e+13,4.269177e+13,-1.9665214e+14,4.727694e+14,4.5027694e+15,-3.8650507e+15,1.1416573e+17,2.4687305e+16,1.6382591e+18,,,,,,,,,,,,,,,,,,,,,,,,,,,,,,,,,,,,,,,,,,,,,,,,,,,,,,,,,,,,,,,,,,,,,,,,,,,,,,,,,,,,,,,,,,,,,,,,,,,,,,,,,,,,,,,,,,,,,,,,,,,,,,,,,,,,,,,,,,,,,,,,,,,,,,,,,,,,,,,,,,,,,,,,,,,,,,,,,,,,,,,,,,,,,,,,,,,,,,,,,,,,,,,,,,,,,,,,,,,,,,,,,,,,,,,,,,,,,,,,,,,,,,,,,,,,,,,,,,,,,,,,,,,,,,,,,,,,,,,,,,,,,,,,,,,,,,,,,,,,,,,,,,,,,,,,,,,,,,,,,,,,,,,,,,,,,,,,,,,,,,,,,,,,,,,,,,,,,,,,,,,,,,,,,,,,,,,,,,,,,,,,,,,,,,,,,,,,,,,,,,,,,,,,,,,,,,,,,,,,,,,,,,,,,,,,,,,,,,,,,,,,,,,,,,,,,,,,,,,,,,,,,,,,,,,,,,,,,,,,,,,,,,,,,,,,,,,,,,,,,,,,,,,,,,,,,,,,,,,,,,,,,,,,,,,,,,,,,,,,,,,,,,,,,,,,,,,,,,,,,,,,,,,,,,,,,,,,,,,,,,,,,,,,,,,,,,,,,,,,,,,,,,,,,,,,,,,,,,,,,,,,,,,,,,,,,,,,,,,,,,,,,,,,,,,,,,,,,,,,,,,,,,,,,,,,,,,,,,,,,,,,,,,,,,,,,,,,,,,,,,,,,,,,,,,,,,,,,,,,,,,,,,,,,,,,,,,,,,,,,,,,,,,,,,,,,,,,,,,,,,,,,,,,,,,,,,,,,,,,,,,,,,,,,,,,,,,,,,,,,,,,,,,,,,,,,,,,,,,,,,,,,,,,,,,,,,,,,,,,,,,,,,,,,,,,,,,,,,,,,,,,,,,,,,,,,,,,,,,,,,,,,,,,,,,,,,,,,,,,,,,,,,,,,,,,,,,,,,,,,,,,,,,,,,,,,,,,,,,,,,,,,,,,,,,,,,,,,,,,,,,,,,,,,,,,,,,,,,,,,,,,,,,,,,,,,,,,,,,,,,,,,,,,,,,,,,,,,,,,,,,,,,,,,,,,,,,,,,,,,,,,,,,,,,,,,,,,,,,,,,,,,,,,,,,,,,,,,,,,,,,,,,,,,,,,,,,,,,,,,,,,,,,,,,,,,,,,,,,,,,,,,,,,,,,,,,,,,,,,,,,,,,,,,,,,,,,,,,,,,,,,,,,,,,,,,,,,,,,,,,,,,,,,,,,,,,,,,,,,,,,,,
287.32376,287.3306,287.33148,287.3273,287.3188,287.3067,287.29214,287.27618,287.25998,287.2444,287.22992,287.21698,287.2063,287.197,287.19064,287.18494,287.1829,287.1807,287.1825,287.18503,287.19006,287.2009,287.2045,287.2305,287.2207,287.27618,287.22812,287.34967,287.19702,287.49622,287.04376,287.8167,286.5989,288.45975,285.69946,289.6022,283.9255,289.92523,282.5267,291.30542,278.98724,296.3922,281.13074,298.21536,271.9589,309.77603,263.9053,325.48267,232.05458,371.25912,160.23558,111.06961,558.94806,-115.27569,895.1864,-621.13617,1652.7805,-1758.6222,3357.703,-4318.4907,7188.7095,-10049.922,15799.748,-22976.559,35185.785,-52056.246,78805.93,-117490.305,176952.02,-264709.34,397809.56,-595966.25,894638.25,-1.3412452e+06,2.0125901e+06,-3.018221e+06,4.5278515e+06,-6.790803e+06,1.0187264e+07,-1.5281075e+07,2.2920182e+07,-3.438045e+07,5.1566984e+07,-7.735222e+07,1.15984696e+08,-1.7397301e+08,2.6095509e+08,-3.914247e+08,5.87118e+08,-8.8071456e+08,1.3209445e+09,-1.9814422e+09,2.9721782e+09,-4.4581975e+09,6.6873795e+09,-1.0031022e+10,1.5046475e+10,-2.2570076e+10,3.3854996e+10,-5.0785395e+10,7.617857e+10,-1.1425938e+11,1.7138549e+11,-2.5705592e+11,,,,,,,,,,,,,,,,,,,,,,,,,,,,,,,,,,,,,,,,,,,,,,,,,,,,,,,,,,,,,,,,,,,,,,,,,,,,,,,,,,,,,,,,,,,,,,,,,,,,,,,,,,,,,,,,,,,,,,,,,,,,,,,,,,,,,,,,,,,,,,,,,,,,,,,,,,,,,,,,,,,,,,,,,,,,,,,,,,,,,,,,,,,,,,,,,,,,,,,,,,,,,,,,,,,,,,,,,,,,,,,,,,,,,,,,,,,,,,,,,,,,,,,,,,,,,,,,,,,,,,,,,,,,,,,,,,,,,,,,,,,,,,,,,,,,,,,,,,,,,,,,,,,,,,,,,,,,,,,,,,,,,,,,,,,,,,,,,,,,,,,,,,,,,,,,,,,,,,,,,,,,,,,,,,,,,,,,,,,,,,,,,,,,,,,,,,,,,,,,,,,,,,,,,,,,,,,,,,,,,,,,,,,,,,,,,,,,,,,,,,,,,,,,,,,,,,,,,,,,,,,,,,,,,,,,,,,,,,,,,,,,,,,,,,,,,,,,,,,,,,,,,,,,,,,,,,,,,,,,,,,,,,,,,,,,,,,,,,,,,,,,,,,,,,,,,,,,,,,,,,,,,,,,,,,,,,,,,,,,,,,,,,,,,,,,,,,,,,,,,,,,,,,,,,,,,,,,,,,,,,,,,,,,,,,,,,,,,,,,,,,,,,,,,,,,,,,,,,,,,,,,,,,,,,,,,,,,,,,,,,,,,,,,,,,,,,,,,,,,,,,,,,,,,,,,,,,,,,,,,,,,,,,,,,,,,,,,,,,,,,,,,,,,,,,,,,,,,,,,,,,,,,,,,,,,,,,,,,,,,,,,,,,,,,,,,,,,,,,,,,,,,,,,,,,,,,,,,,,,,,,,,,,,,,,,,,,,,,,,,,,,,,,,,,,,,,,,,,,,,,,,,,,,,,,,,,,,,,,,,,,,,,,,,,,,,,,,,,,,,,,,,,,,,,,,,,,,,,,,,,,,,,,,,,,,,,,,,,,,,,,,,,,,,,,,,,,,,,,,,,,,,,,,,,,,,,,,,,,,,,,,,,,,,,,,,,,,,,,,,,,,,,,,,,,,,,,,,,,,,,,,,,,,,,,,,,,,,,,,,,,,,,,,,,,,,,,,,,,,,,,,,,,,,,,,,,,,,,,,,,,,,,,,,,,,,,,,,,,,,,,,,,,,,,,,,,,,,,,,,,,,,,,,,,,,,,,,,,,,,,,,,,,,,,,,,,,,,,,,,,,,,,,,,,,,,,,,,,,,,,,,,,,,,,,,,,,,,,,,,,,,,
287.31488,287.3249,287.32858,287.32724,287.321,287.3112,287.298,287.2834,287.26736,287.25226,287.237,287.22403,287.21194,287.20248,287.19434,287.18866,287.1845,287.18256,287.18207,287.18475,287.18723,287.19818,287.1991,287.22574,287.21216,287.27072,287.2148,287.34576,287.17325,287.4989,286.9967,287.83725,286.50778,288.5265,285.527,289.94116,283.3909,292.92203,278.881,299.7804,268.67368,315.23846,245.38742,350.28607,192.97527,429.0228,75.043724,606.27637,-189.56029,1005.47864,-787.84705,1962.3175,-2227.897,4058.4644,-5374.45,8755.402,-12345.658,19338.146,-28426.818,43271.3,-63956.656,97600.95,-154597.48,205272.88,-195316.53,454310.5,-697488.06,741322.44,-703127.75,1.4877392e+06,-8.1576125e+06,1.892261e+07,-1.2222402e+07,1.1666611e+07,-1.5378694e+07,679889.5,2.5516813e+08,1.686765e+08,-5.5335354e+08,-1.5538775e+09,6.4708086e+09,-9.252634e+09,2.0590043e+10,-2.2372133e+10,3.7209457e+10,-4.931659e+10,1.9828759e+10,-3.5118965e+10,1.5414581e+12,-7.0331295e+12,1.9426942e+13,-4.3974918e+12,4.5451444e+12,-6.165674e+12,1.4895186e+13,-4.807422e+13,4.3493745e+13,-1.9427748e+14,4.781423e+14,4.495914e+15,-3.851697e+15,1.1416432e+17,2.5161716e+16,1.638408e+18,,,,,,,,,,,,,,,,,,,,,,,,,,,,,,,,,,,,,,,,,,,,,,,,,,,,,,,,,,,,,,,,,,,,,,,,,,,,,,,,,,,,,,,,,,,,,,,,,,,,,,,,,,,,,,,,,,,,,,,,,,,,,,,,,,,,,,,,,,,,,,,,,,,,,,,,,,,,,,,,,,,,,,,,,,,,,,,,,,,,,,,,,,,,,,,,,,,,,,,,,,,,,,,,,,,,,,,,,,,,,,,,,,,,,,,,,,,,,,,,,,,,,,,,,,,,,,,,,,,,,,,,,,,,,,,,,,,,,,,,,,,,,,,,,,,,,,,,,,,,,,,,,,,,,,,,,,,,,,,,,,,,,,,,,,,,,,,,,,,,,,,,,,,,,,,,,,,,,,,,,,,,,,,,,,,,,,,,,,,,,,,,,,,,,,,,,,,,,,,,,,,,,,,,,,,,,,,,,,,,,,,,,,,,,,,,,,,,,,,,,,,,,,,,,,,,,,,,,,,,,,,,,,,,,,,,,,,,,,,,,,,,,,,,,,,,,,,,,,,,,,,,,,,,,,,,,,,,,,,,,,,,,,,,,,,,,,,,,,,,,,,,,,,,,,,,,,,,,,,,,,,,,,,,,,,,,,,,,,,,,,,,,,,,,,,,,,,,,,,,,,,,,,,,,,,,,,,,,,,,,,,,,,,,,,,,,,,,,,,,,,,,,,,,,,,,,,,,,,,,,,,,,,,,,,,,,,,,,,,,,,,,,,,,,,,,,,,,,,,,,,,,,,,,,,,,,,,,,,,,,,,,,,,,,,,,,,,,,,,,,,,,,,,,,,,,,,,,,,,,,,,,,,,,,,,,,,,,,,,,,,,,,,,,,,,,,,,,,,,,,,,,,,,,,,,,,,,,,,,,,,,,,,,,,,,,,,,,,,,,,,,,,,,,,,,,,,,,,,,,,,,,,,,,,,,,,,,,,,,,,,,,,,,,,,,,,,,,,,,,,,,,,,,,,,,,,,,,,,,,,,,,,,,,,,,,,,,,,,,,,,,,,,,,,,,,,,,,,,,,,,,,,,,,,,,,,,,,,,,,,,,,,,,,,,,,,,,,,,,,,,,,,,,,,,,,,,,,,,,,,,,,,,,,,,,,,,,,,,,,,,,,,,,,,,,,,,,,,,,,,,,,,,,,,,,,,,,,,,,,,,,,,,,,,,,,,,,,,,,,,,,,,,,,,,,,,,,,,,,,,,,,,,,,,,,,,,,,,,,,,,,,,,,,,,,,,,,,,,,,,,,,,,,,,,,,,,,,,,,,,,,,,,,,,,,,,,,,,,,,,,,,,
287.30447,287.3176,287.32425,287.32556,287.32208,287.31427,287.3031,287.28958,287.27454,287.2595,287.2444,287.23074,287.2183,287.2077,287.19907,287.19193,287.18747,287.18372,287.1833,287.18353,287.18668,287.19388,287.19696,287.2181,287.20868,287.26016,287.21002,287.33224,287.16537,287.4811,286.98422,287.81903,286.48373,288.51852,285.47852,289.7781,283.50925,290.24884,281.89536,291.94424,277.85617,297.75693,278.67108,301.5619,266.50952,317.43555,251.73917,342.96085,204.81541,410.68417,98.89494,196.11804,363.41812,184.01942,449.29788,49.78505,648.02185,-250.09468,1096.1321,-925.05035,2099.538,-2415.2136,4348.711,-5799.3735,9420.064,-13406.529,20832.117,-30529.416,46510.71,-69046.76,104319.09,-155726.72,234277.78,-350704.56,526779.5,-789506.4,1.1847678e+06,-1.7761654e+06,2.665316e+06,-3.9981825e+06,5.9957955e+06,-8.99389e+06,1.348709e+07,-2.0232388e+07,3.030491e+07,-4.545335e+07,6.817564e+07,-1.0225555e+08,1.5336363e+08,-2.300847e+08,3.4499715e+08,-5.175193e+08,7.762941e+08,-1.1643711e+09,1.7466386e+09,-2.6199117e+09,3.9298086e+09,-5.8950794e+09,8.842501e+09,-1.3266625e+10,1.990041e+10,-2.9841779e+10,4.4758807e+10,-6.711331e+10,,,,,,,,,,,,,,,,,,,,,,,,,,,,,,,,,,,,,,,,,,,,,,,,,,,,,,,,,,,,,,,,,,,,,,,,,,,,,,,,,,,,,,,,,,,,,,,,,,,,,,,,,,,,,,,,,,,,,,,,,,,,,,,,,,,,,,,,,,,,,,,,,,,,,,,,,,,,,,,,,,,,,,,,,,,,,,,,,,,,,,,,,,,,,,,,,,,,,,,,,,,,,,,,,,,,,,,,,,,,,,,,,,,,,,,,,,,,,,,,,,,,,,,,,,,,,,,,,,,,,,,,,,,,,,,,,,,,,,,,,,,,,,,,,,,,,,,,,,,,,,,,,,,,,,,,,,,,,,,,,,,,,,,,,,,,,,,,,,,,,,,,,,,,,,,,,,,,,,,,,,,,,,,,,,,,,,,,,,,,,,,,,,,,,,,,,,,,,,,,,,,,,,,,,,,,,,,,,,,,,,,,,,,,,,,,,,,,,,,,,,,,,,,,,,,,,,,,,,,,,,,,,,,,,,,,,,,,,,,,,,,,,,,,,,,,,,,,,,,,,,,,,,,,,,,,,,,,,,,,,,,,,,,,,,,,,,,,,,,,,,,,,,,,,,,,,,,,,,,,,,,,,,,,,,,,,,,,,,,,,,,,,,,,,,,,,,,,,,,,,,,,,,,,,,,,,,,,,,,,,,,,,,,,,,,,,,,,,,,,,,,,,,,,,,,,,,,,,,,,,,,,,,,,,,,,,,,,,,,,,,,,,,,,,,,,,,,,,,,,,,,,,,,,,,,,,,,,,,,,,,,,,,,,,,,,,,,,,,,,,,,,,,,,,,,,,,,,,,,,,,,,,,,,,,,,,,,,,,,,,,,,,,,,,,,,,,,,,,,,,,,,,,,,,,,,,,,,,,,,,,,,,,,,,,,,,,,,,,,,,,,,,,,,,,,,,,,,,,,,,,,,,,,,,,,,,,,,,,,,,,,,,,,,,,,,,,,,,,,,,,,,,,,,,,,,,,,,,,,,,,,,,,,,,,,,,,,,,,,,,,,,,,,,,,,,,,,,,,,,,,,,,,,,,,,,,,,,,,,,,,,,,,,,,,,,,,,,,,,,,,,,,,,,,,,,,,,,,,,,,,,,,,,,,,,,,,,,,,,,,,,,,,,,,,,,,,,,,,,,,,,,,,,,,,,,,,,,,,,,,,,,,,,,,,,,,,,,,,,,,,,,,,,,,,,,,,,,,,,,,,,,,,,,,,,,,,,,,,,,,,,,,,,,,,,,,,,,,,,,,,,,,,,,,,,,,,,,,,,,,,,,,,,,,,,,,,,,,,,,,,,,,
287.29254,287.30878,287.31836,287.3224,287.32166,287.3161,287.30698,287.29495,287.2809,287.26642,287.25134,287.23764,287.2244,287.21344,287.20358,287.19598,287.19012,287.18597,287.18405,287.18372,287.1855,287.19128,287.19424,287.21207,287.20514,287.2505,287.20694,287.31744,287.16394,287.45908,286.9857,287.77814,286.50452,288.43652,285.55743,289.8079,283.4779,292.80945,278.94717,299.6863,268.71024,315.1577,245.51842,350.04123,193.29814,428.4928,75.81373,605.0653,-187.8124,1002.80585,-783.91,1956.6384,-2219.3809,4045.7056,-5355.2793,8726.662,-12302.544,19273.535,-28329.92,43125.992,-63739.016,97274.25,-154093.81,204534.8,-194234.45,452634.44,-695041.3,737366.94,-696823.25,1.4776232e+06,-8.140814e+06,1.8890354e+07,-1.2172348e+07,1.159253e+07,-1.5249728e+07,575549.4,2.5545992e+08,1.683567e+08,-5.526758e+08,-1.5554039e+09,6.4720947e+09,-9.25515e+09,2.0597754e+10,-2.2386342e+10,3.7231223e+10,-4.935637e+10,1.986716e+10,-3.5170746e+10,1.5419689e+12,-7.031558e+12,1.942594e+13,-4.3314394e+12,4.4576497e+12,-6.0430746e+12,1.4628525e+13,-4.7896875e+13,4.2490065e+13,-1.930399e+14,4.746307e+14,4.5000963e+15,-3.8600978e+15,1.14183905e+17,2.5156034e+16,1.6385755e+18,,,,,,,,,,,,,,,,,,,,,,,,,,,,,,,,,,,,,,,,,,,,,,,,,,,,,,,,,,,,,,,,,,,,,,,,,,,,,,,,,,,,,,,,,,,,,,,,,,,,,,,,,,,,,,,,,,,,,,,,,,,,,,,,,,,,,,,,,,,,,,,,,,,,,,,,,,,,,,,,,,,,,,,,,,,,,,,,,,,,,,,,,,,,,,,,,,,,,,,,,,,,,,,,,,,,,,,,,,,,,,,,,,,,,,,,,,,,,,,,,,,,,,,,,,,,,,,,,,,,,,,,,,,,,,,,,,,,,,,,,,,,,,,,,,,,,,,,,,,,,,,,,,,,,,,,,,,,,,,,,,,,,,,,,,,,,,,,,,,,,,,,,,,,,,,,,,,,,,,,,,,,,,,,,,,,,,,,,,,,,,,,,,,,,,,,,,,,,,,,,,,,,,,,,,,,,,,,,,,,,,,,,,,,,,,,,,,,,,,,,,,,,,,,,,,,,,,,,,,,,,,,,,,,,,,,,,,,,,,,,,,,,,,,,,,,,,,,,,,,,,,,,,,,,,,,,,,,,,,,,,,,,,,,,,,,,,,,,,,,,,,,,,,,,,,,,,,,,,,,,,,,,,,,,,,,,,,,,,,,,,,,,,,,,,,,,,,,,,,,,,,,,,,,,,,,,,,,,,,,,,,,,,,,,,,,,,,,,,,,,,,,,,,,,,,,,,,,,,,,,,,,,,,,,,,,,,,,,,,,,,,,,,,,,,,,,,,,,,,,,,,,,,,,,,,,,,,,,,,,,,,,,,,,,,,,,,,,,,,,,,,,,,,,,,,,,,,,,,,,,,,,,,,,,,,,,,,,,,,,,,,,,,,,,,,,,,,,,,,,,,,,,,,,,,,,,,,,,,,,,,,,,,,,,,,,,,,,,,,,,,,,,,,,,,,,,,,,,,,,,,,,,,,,,,,,,,,,,,,,,,,,,,,,,,,,,,,,,,,,,,,,,,,,,,,,,,,,,,,,,,,,,,,,,,,,,,,,,,,,,,,,,,,,,,,,,,,,,,,,,,,,,,,,,,,,,,,,,,,,,,,,,,,,,,,,,,,,,,,,,,,,,,,,,,,,,,,,,,,,,,,,,,,,,,,,,,,,,,,,,,,,,,,,,,,,,,,,,,,,,,,,,,,,,,,,,,,,,,,,,,,,,,,,,,,,,,,,,,,,,,,,,,,,,,,,,,,,,,,,,,,,,,,,,,,,,,,,,,,,,,,,,,,,,,,,,,,,,,,,,,,,,,,,,,,,,,,,,,,,,,,,,,,,,,,,,,,,,,,,,,,,,
287.27917,287.29852,287.31085,287.31778,287.3196,287.31665,287.30948,287.29932,287.28632,287.2728,287.25778,287.24435,287.2303,287.2193,287.20804,287.20038,287.19278,287.18863,287.1849,287.18427,287.18472,287.18884,287.19257,287.20508,287.2042,287.23752,287.20984,287.29526,287.1746,287.41592,287.0195,287.70157,286.5819,288.29428,285.73102,289.30222,284.13678,289.13394,283.49344,289.3943,281.60397,291.9955,287.15778,288.7124,285.65085,288.58096,294.85907,278.1235,301.90198,264.87064,317.42188,-131.99873,855.3692,-554.1591,1556.29,-1610.9983,3138.8777,-3986.7344,6700.6997,-9332.327,14709.984,-21331.42,32722.338,-48360.305,73261.42,-109169.8,164476.03,-245995.55,369709.84,-553847.0,831508.75,-1.246528e+06,1.8704875e+06,-2.80502e+06,4.208323e+06,-6.3118335e+06,9.468177e+06,-1.4201219e+07,2.1302928e+07,-3.1954688e+07,4.793043e+07,-7.18959e+07,1.0784001e+08,-1.6176178e+08,2.4259894e+08,-3.6389443e+08,5.4583725e+08,-8.187479e+08,1.2281015e+09,-1.8421935e+09,2.7631575e+09,-4.144758e+09,6.2171525e+09,-9.325659e+09,1.3988569e+10,-2.0982809e+10,3.1474151e+10,-4.7211598e+10,7.081728e+10,-1.0622877e+11,1.5934362e+11,-2.3900635e+11,3.5850548e+11,-5.3773163e+11,,,,,,,,,,,,,,,,,,,,,,,,,,,,,,,,,,,,,,,,,,,,,,,,,,,,,,,,,,,,,,,,,,,,,,,,,,,,,,,,,,,,,,,,,,,,,,,,,,,,,,,,,,,,,,,,,,,,,,,,,,,,,,,,,,,,,,,,,,,,,,,,,,,,,,,,,,,,,,,,,,,,,,,,,,,,,,,,,,,,,,,,,,,,,,,,,,,,,,,,,,,,,,,,,,,,,,,,,,,,,,,,,,,,,,,,,,,,,,,,,,,,,,,,,,,,,,,,,,,,,,,,,,,,,,,,,,,,,,,,,,,,,,,,,,,,,,,,,,,,,,,,,,,,,,,,,,,,,,,,,,,,,,,,,,,,,,,,,,,,,,,,,,,,,,,,,,,,,,,,,,,,,,,,,,,,,,,,,,,,,,,,,,,,,,,,,,,,,,,,,,,,,,,,,,,,,,,,,,,,,,,,,,,,,,,,,,,,,,,,,,,,,,,,,,,,,,,,,,,,,,,,,,,,,,,,,,,,,,,,,,,,,,,,,,,,,,,,,,,,,,,,,,,,,,,,,,,,,,,,,,,,,,,,,,,,,,,,,,,,,,,,,,,,,,,,,,,,,,,,,,,,,,,,,,,,,,,,,,,,,,,,,,,,,,,,,,,,,,,,,,,,,,,,,,,,,,,,,,,,,,,,,,,,,,,,,,,,,,,,,,,,,,,,,,,,,,,,,,,,,,,,,,,,,,,,,,,,,,,,,,,,,,,,,,,,,,,,,,,,,,,,,,,,,,,,,,,,,,,,,,,,,,,,,,,,,,,,,,,,,,,,,,,,,,,,,,,,,,,,,,,,,,,,,,,,,,,,,,,,,,,,,,,,,,,,,,,,,,,,,,,,,,,,,,,,,,,,,,,,,,,,,,,,,,,,,,,,,,,,,,,,,,,,,,,,,,,,,,,,,,,,,,,,,,,,,,,,,,,,,,,,,,,,,,,,,,,,,,,,,,,,,,,,,,,,,,,,,,,,,,,,,,,,,,,,,,,,,,,,,,,,,,,,,,,,,,,,,,,,,,,,,,,,,,,,,,,,,,,,,,,,,,,,,,,,,,,,,,,,,,,,,,,,,,,,,,,,,,,,,,,,,,,,,,,,,,,,,,,,,,,,,,,,,,,,,,,,,,,,,,,,,,,,,,,,,,,,,,,,,,,,,,,,,,,,,,,,,,,,,,,,,,,,,,,,,,,,,,,,,,,,,,,,,,,,,,,,,,,,,,,,,,,,,,,,,,,,,,,,,,,,,,,,,,,,,,,,,,,,,,,,,,,,,,,,,,,,,,,,,,,,,
287.2645,287.28677,287.30188,287.3115,287.3161,287.31555,287.31067,287.3022,287.2908,287.27805,287.26373,287.25027,287.23608,287.2246,287.21265,287.2045,287.1957,287.1911,287.18613,287.18472,287.18445,287.1865,287.19165,287.19702,287.20578,287.22028,287.22,287.2616,287.20322,287.35654,287.08093,287.57306,286.7413,288.0105,286.12396,288.90466,284.76352,290.91452,281.73746,295.5233,274.90988,305.86163,259.486,329.08505,224.73141,381.3435,146.54858,498.96777,-28.670238,764.0779,-425.8183,1419.5935,-1413.7858,2837.3506,-3542.7314,6007.8125,-8224.081,13155.84,-19154.28,29361.777,-43093.254,66295.61,-107608.97,134568.83,-89834.766,295835.88,-460648.66,382756.6,-159022.34,663819.7,-6.957227e+06,1.7165036e+07,-9.598241e+06,7.1394315e+06,-8.567233e+06,-9.575334e+06,2.7068672e+08,1.440909e+08,-5.1413597e+08,-1.6085449e+09,6.55392e+09,-9.368489e+09,2.0789682e+10,-2.2696325e+10,3.7687173e+10,-5.0115604e+10,2.1151545e+10,-3.706682e+10,1.5446144e+12,-7.014743e+12,1.9406357e+13,-3.606916e+12,3.2970158e+12,-4.2926743e+12,1.1379234e+13,-4.309903e+13,3.520279e+13,-1.7869326e+14,4.7666453e+14,4.512968e+15,-3.8816204e+15,1.1426329e+17,2.5294914e+16,1.636619e+18,,,,,,,,,,,,,,,,,,,,,,,,,,,,,,,,,,,,,,,,,,,,,,,,,,,,,,,,,,,,,,,,,,,,,,,,,,,,,,,,,,,,,,,,,,,,,,,,,,,,,,,,,,,,,,,,,,,,,,,,,,,,,,,,,,,,,,,,,,,,,,,,,,,,,,,,,,,,,,,,,,,,,,,,,,,,,,,,,,,,,,,,,,,,,,,,,,,,,,,,,,,,,,,,,,,,,,,,,,,,,,,,,,,,,,,,,,,,,,,,,,,,,,,,,,,,,,,,,,,,,,,,,,,,,,,,,,,,,,,,,,,,,,,,,,,,,,,,,,,,,,,,,,,,,,,,,,,,,,,,,,,,,,,,,,,,,,,,,,,,,,,,,,,,,,,,,,,,,,,,,,,,,,,,,,,,,,,,,,,,,,,,,,,,,,,,,,,,,,,,,,,,,,,,,,,,,,,,,,,,,,,,,,,,,,,,,,,,,,,,,,,,,,,,,,,,,,,,,,,,,,,,,,,,,,,,,,,,,,,,,,,,,,,,,,,,,,,,,,,,,,,,,,,,,,,,,,,,,,,,,,,,,,,,,,,,,,,,,,,,,,,,,,,,,,,,,,,,,,,,,,,,,,,,,,,,,,,,,,,,,,,,,,,,,,,,,,,,,,,,,,,,,,,,,,,,,,,,,,,,,,,,,,,,,,,,,,,,,,,,,,,,,,,,,,,,,,,,,,,,,,,,,,,,,,,,,,,,,,,,,,,,,,,,,,,,,,,,,,,,,,,,,,,,,,,,,,,,,,,,,,,,,,,,,,,,,,,,,,,,,,,,,,,,,,,,,,,,,,,,,,,,,,,,,,,,,,,,,,,,,,,,,,,,,,,,,,,,,,,,,,,,,,,,,,,,,,,,,,,,,,,,,,,,,,,,,,,,,,,,,,,,,,,,,,,,,,,,,,,,,,,,,,,,,,,,,,,,,,,,,,,,,,,,,,,,,,,,,,,,,,,,,,,,,,,,,,,,,,,,,,,,,,,,,,,,,,,,,,,,,,,,,,,,,,,,,,,,,,,,,,,,,,,,,,,,,,,,,,,,,,,,,,,,,,,,,,,,,,,,,,,,,,,,,,,,,,,,,,,,,,,,,,,,,,,,,,,,,,,,,,,,,,,,,,,,,,,,,,,,,,,,,,,,,,,,,,,,,,,,,,,,,,,,,,,,,,,,,,,,,,,,,,,,,,,,,,,,,,,,,,,,,,,,,,,,,,,,,,,,,,,,,,,,,,,,,,,,,,,,,,,,,,,,,,,,,,,,,,,,,,,,,,,,,,,,,,,,,,,,,,,,,
287.2485,287.27365,287.2914,287.30365,287.31094,287.31268,287.31024,287.30347,287.2939,287.28204,287.26868,287.25528,287.24118,287.22934,287.2168,287.2083,287.1984,287.19345,287.1872,287.18533,287.18405,287.18463,287.19083,287.1886,287.2089,287.19934,287.23676,287.20493,287.2652,287.21625,287.25766,287.28586,287.13547,287.40103,287.0065,287.3124,287.0647,284.59872,290.25803,279.1425,296.94745,268.89975,321.71597,236.81995,363.43,171.85062,469.88596,15.522062,695.7412,-325.95392,1203.5934,-1461.3809,2849.3733,-3545.2402,6042.8335,-8340.894,13233.64,-19128.965,29413.955,-43402.305,65814.86,-97988.836,147708.33,-220839.38,331980.1,-497247.97,746593.2,-1.1191712e+06,1.6794735e+06,-2.5184925e+06,3.778476e+06,-5.66698e+06,8.501166e+06,-1.2751038e+07,1.912735e+07,-2.8690374e+07,4.3036e+07,-6.4552956e+07,9.683052e+07,-1.4524606e+08,2.1786752e+08,-3.2680154e+08,4.901985e+08,-7.352996e+08,1.1029057e+09,-1.6543546e+09,2.4815276e+09,-3.7222833e+09,5.5834045e+09,-8.3751475e+09,1.2562591e+10,-1.884391e+10,2.826588e+10,-4.239875e+10,6.3598207e+10,-9.539726e+10,1.4309582e+11,-2.146441e+11,3.2196605e+11,-4.82952e+11,7.2442846e+11,-1.08663426e+12,1.6299478e+12,-2.444901e+12,,,,,,,,,,,,,,,,,,,,,,,,,,,,,,,,,,,,,,,,,,,,,,,,,,,,,,,,,,,,,,,,,,,,,,,,,,,,,,,,,,,,,,,,,,,,,,,,,,,,,,,,,,,,,,,,,,,,,,,,,,,,,,,,,,,,,,,,,,,,,,,,,,,,,,,,,,,,,,,,,,,,,,,,,,,,,,,,,,,,,,,,,,,,,,,,,,,,,,,,,,,,,,,,,,,,,,,,,,,,,,,,,,,,,,,,,,,,,,,,,,,,,,,,,,,,,,,,,,,,,,,,,,,,,,,,,,,,,,,,,,,,,,,,,,,,,,,,,,,,,,,,,,,,,,,,,,,,,,,,,,,,,,,,,,,,,,,,,,,,,,,,,,,,,,,,,,,,,,,,,,,,,,,,,,,,,,,,,,,,,,,,,,,,,,,,,,,,,,,,,,,,,,,,,,,,,,,,,,,,,,,,,,,,,,,,,,,,,,,,,,,,,,,,,,,,,,,,,,,,,,,,,,,,,,,,,,,,,,,,,,,,,,,,,,,,,,,,,,,,,,,,,,,,,,,,,,,,,,,,,,,,,,,,,,,,,,,,,,,,,,,,,,,,,,,,,,,,,,,,,,,,,,,,,,,,,,,,,,,,,,,,,,,,,,,,,,,,,,,,,,,,,,,,,,,,,,,,,,,,,,,,,,,,,,,,,,,,,,,,,,,,,,,,,,,,,,,,,,,,,,,,,,,,,,,,,,,,,,,,,,,,,,,,,,,,,,,,,,,,,,,,,,,,,,,,,,,,,,,,,,,,,,,,,,,,,,,,,,,,,,,,,,,,,,,,,,,,,,,,,,,,,,,,,,,,,,,,,,,,,,,,,,,,,,,,,,,,,,,,,,,,,,,,,,,,,,,,,,,,,,,,,,,,,,,,,,,,,,,,,,,,,,,,,,,,,,,,,,,,,,,,,,,,,,,,,,,,,,,,,,,,,,,,,,,,,,,,,,,,,,,,,,,,,,,,,,,,,,,,,,,,,,,,,,,,,,,,,,,,,,,,,,,,,,,,,,,,,,,,,,,,,,,,,,,,,,,,,,,,,,,,,,,,,,,,,,,,,,,,,,,,,,,,,,,,,,,,,,,,,,,,,,,,,,,,,,,,,,,,,,,,,,,,,,,,,,,,,,,,,,,,,,,,,,,,,,,,,,,,,,,,,,,,,,,,,,,,,,,,,,,,,,,,,,,,,,,,,,,,,,,,,,,,,,,,,,,,,,,,,,,,,,,,,,,,,,,,,,,,,,,,,,,,,,,,,,,,,,,,,,,,,,,,,,,,,,,,,,,,,,,,,
287.23138,287.25922,287.27942,287.29422,287.3039,287.308,287.3077,287.30298,287.295,287.28445,287.2719,287.25897,287.24493,287.23306,287.22003,287.21124,287.2006,287.1951,287.1881,287.18533,287.18396,287.18256,287.19058,287.18,287.21326,287.1784,287.25516,287.14807,287.3309,287.06097,287.46384,286.81912,287.81094,286.3691,288.55145,285.28918,290.17377,282.98016,293.6622,277.76913,301.57556,265.95728,319.455,239.21106,359.62375,179.08678,450.0237,43.8367,654.0869,-259.9733,1110.3434,-884.5023,2042.4581,-2346.8728,4233.6514,-5657.09,9273.644,-13090.462,20220.654,-29695.887,45498.35,-66606.5,92240.18,-163895.56,357312.06,-374367.97,550192.0,-1.1133075e+06,2.0906072e+06,-2.7561548e+06,-1.8539918e+06,9.467822e+06,1.1599874e+06,-1.0124242e+07,1.7327366e+07,-4.892659e+07,3.3151808e+08,5.7226468e+07,-3.908529e+08,-1.7898508e+09,6.8090506e+09,-9.737147e+09,2.1253724e+10,-2.3362714e+10,3.869665e+10,-5.2069593e+10,2.5046327e+10,-4.3358204e+10,1.554222e+12,-7.1851835e+12,1.966188e+13,0.0,-1.8733892e+12,3.411671e+12,0.0,-2.6232928e+13,0.0,-1.1788302e+14,3.9970247e+14,4.651143e+15,-4.0917541e+15,1.14120605e+17,2.552227e+16,1.658514e+18,,,,,,,,,,,,,,,,,,,,,,,,,,,,,,,,,,,,,,,,,,,,,,,,,,,,,,,,,,,,,,,,,,,,,,,,,,,,,,,,,,,,,,,,,,,,,,,,,,,,,,,,,,,,,,,,,,,,,,,,,,,,,,,,,,,,,,,,,,,,,,,,,,,,,,,,,,,,,,,,,,,,,,,,,,,,,,,,,,,,,,,,,,,,,,,,,,,,,,,,,,,,,,,,,,,,,,,,,,,,,,,,,,,,,,,,,,,,,,,,,,,,,,,,,,,,,,,,,,,,,,,,,,,,,,,,,,,,,,,,,,,,,,,,,,,,,,,,,,,,,,,,,,,,,,,,,,,,,,,,,,,,,,,,,,,,,,,,,,,,,,,,,,,,,,,,,,,,,,,,,,,,,,,,,,,,,,,,,,,,,,,,,,,,,,,,,,,,,,,,,,,,,,,,,,,,,,,,,,,,,,,,,,,,,,,,,,,,,,,,,,,,,,,,,,,,,,,,,,,,,,,,,,,,,,,,,,,,,,,,,,,,,,,,,,,,,,,,,,,,,,,,,,,,,,,,,,,,,,,,,,,,,,,,,,,,,,,,,,,,,,,,,,,,,,,,,,,,,,,,,,,,,,,,,,,,,,,,,,,,,,,,,,,,,,,,,,,,,,,,,,,,,,,,,,,,,,,,,,,,,,,,,,,,,,,,,,,,,,,,,,,,,,,,,,,,,,,,,,,,,,,,,,,,,,,,,,,,,,,,,,,,,,,,,,,,,,,,,,,,,,,,,,,,,,,,,,,,,,,,,,,,,,,,,,,,,,,,,,,,,,,,,,,,,,,,,,,,,,,,,,,,,,,,,,,,,,,,,,,,,,,,,,,,,,,,,,,,,,,,,,,,,,,,,,,,,,,,,,,,,,,,,,,,,,,,,,,,,,,,,,,,,,,,,,,,,,,,,,,,,,,,,,,,,,,,,,,,,,,,,,,,,,,,,,,,,,,,,,,,,,,,,,,,,,,,,,,,,,,,,,,,,,,,,,,,,,,,,,,,,,,,,,,,,,,,,,,,,,,,,,,,,,,,,,,,,,,,,,,,,,,,,,,,,,,,,,,,,,,,,,,,,,,,,,,,,,,,,,,,,,,,,,,,,,,,,,,,,,,,,,,,,,,,,,,,,,,,,,,,,,,,,,,,,,,,,,,,,,,,,,,,,,,,,,,,,,,,,,,,,,,,,,,,,,,,,,,,,,,,,,,,,,,,,,,,,,,,,,,,,,,,,,,,,,,,,,,,,,,,,,,,,,,,,,,,,,,,,,,,,,,,,,,,,,,,,,,,,,,,,,,,,
287.21323,287.24353,287.26596,287.28293,287.29477,287.30103,287.3028,287.2999,287.29382,287.28436,287.27307,287.26028,287.24704,287.23456,287.22232,287.21207,287.20242,287.19464,287.1894,287.183,287.1854,287.17813,287.19308,287.16888,287.22165,287.15576,287.2789,287.10007,287.3878,286.97018,287.5781,286.70016,287.93,286.11508,288.7994,284.5112,290.99188,278.85452,297.18417,269.2395,312.50107,245.77644,356.54184,184.78317,441.649,54.66387,645.7834,-248.2011,1091.44,-919.3961,2093.8604,-2796.7542,4852.5293,-6549.886,10549.888,-15101.39,23374.467,-34340.125,52230.773,-77627.445,117152.66,-174995.45,263218.3,-394104.25,591877.56,-887094.06,1.3313624e+06,-1.9963248e+06,2.995204e+06,-4.4920875e+06,6.7388685e+06,-1.0107569e+07,1.5162051e+07,-2.2742366e+07,3.411434e+07,-5.1170864e+07,7.675672e+07,-1.1513405e+08,1.7270214e+08,-2.5905352e+08,3.8857872e+08,-5.8286835e+08,8.742988e+08,-1.31145e+09,1.9671313e+09,-2.9506929e+09,4.426035e+09,-6.639044e+09,9.958546e+09,-1.493786e+10,2.2406658e+10,-3.3610015e+10,5.0415034e+10,-7.562248e+10,1.13433805e+11,-1.7015066e+11,2.552259e+11,-3.8283923e+11,5.742588e+11,-8.6139116e+11,1.2920873e+12,-1.9381226e+12,2.90718e+12,-4.36075e+12,,,,,,,,,,,,,,,,,,,,,,,,,,,,,,,,,,,,,,,,,,,,,,,,,,,,,,,,,,,,,,,,,,,,,,,,,,,,,,,,,,,,,,,,,,,,,,,,,,,,,,,,,,,,,,,,,,,,,,,,,,,,,,,,,,,,,,,,,,,,,,,,,,,,,,,,,,,,,,,,,,,,,,,,,,,,,,,,,,,,,,,,,,,,,,,,,,,,,,,,,,,,,,,,,,,,,,,,,,,,,,,,,,,,,,,,,,,,,,,,,,,,,,,,,,,,,,,,,,,,,,,,,,,,,,,,,,,,,,,,,,,,,,,,,,,,,,,,,,,,,,,,,,,,,,,,,,,,,,,,,,,,,,,,,,,,,,,,,,,,,,,,,,,,,,,,,,,,,,,,,,,,,,,,,,,,,,,,,,,,,,,,,,,,,,,,,,,,,,,,,,,,,,,,,,,,,,,,,,,,,,,,,,,,,,,,,,,,,,,,,,,,,,,,,,,,,,,,,,,,,,,,,,,,,,,,,,,,,,,,,,,,,,,,,,,,,,,,,,,,,,,,,,,,,,,,,,,,,,,,,,,,,,,,,,,,,,,,,,,,,,,,,,,,,,,,,,,,,,,,,,,,,,,,,,,,,,,,,,,,,,,,,,,,,,,,,,,,,,,,,,,,,,,,,,,,,,,,,,,,,,,,,,,,,,,,,,,,,,,,,,,,,,,,,,,,,,,,,,,,,,,,,,,,,,,,,,,,,,,,,,,,,,,,,,,,,,,,,,,,,,,,,,,,,,,,,,,,,,,,,,,,,,,,,,,,,,,,,,,,,,,,,,,,,,,,,,,,,,,,,,,,,,,,,,,,,,,,,,,,,,,,,,,,,,,,,,,,,,,,,,,,,,,,,,,,,,,,,,,,,,,,,,,,,,,,,,,,,,,,,,,,,,,,,,,,,,,,,,,,,,,,,,,,,,,,,,,,,,,,,,,,,,,,,,,,,,,,,,,,,,,,,,,,,,,,,,,,,,,,,,,,,,,,,,,,,,,,,,,,,,,,,,,,,,,,,,,,,,,,,,,,,,,,,,,,,,,,,,,,,,,,,,,,,,,,,,,,,,,,,,,,,,,,,,,,,,,,,,,,,,,,,,,,,,,,,,,,,,,,,,,,,,,,,,,,,,,,,,,,,,,,,,,,,,,,,,,,,,,,,,,,,,,,,,,,,,,,,,,,,,,,,,,,,,,,,,,,,,,,,,,,,,,,,,,,,,,,,,,,,,,,,,,,,,,,,,,,,,,,,,,,,,,,,,,,,,,,,,,,,,,,,,,,,,,,,,,,,,,,,,,,,
287.19415,287.22668,287.25095,287.26944,287.28305,287.29108,287.2948,287.29346,287.28934,287.28073,287.27115,287.25787,287.24664,287.23257,287.2229,287.20938,287.20358,287.19037,287.19144,287.17596,287.18973,287.16742,287.202,287.14774,287.243,287.11377,287.3285,287.0115,287.50723,286.76654,287.87433,286.17642,288.74344,284.92706,290.67828,282.03445,295.0093,275.58948,304.702,261.0716,326.52066,228.37682,375.61313,154.76585,486.03772,-10.844051,734.5111,-383.39722,1294.227,-1221.3285,2550.1926,-3106.789,5378.7607,-7349.9067,11738.909,-16914.125,26160.904,-38422.81,58216.836,-86683.36,130987.44,-194769.05,285916.94,-451381.4,784515.56,-1.01230425e+06,1.5094955e+06,-2.582777e+06,4.302976e+06,-6.0455635e+06,2.9969878e+06,2.8475168e+06,1.0230508e+07,-1.9980102e+07,3.2205702e+07,-7.048431e+07,3.641361e+08,-0.0,-3.0608806e+08,-1.929786e+09,6.9905167e+09,-1.0114443e+10,2.1919177e+10,-2.4301179e+10,4.0009687e+10,-5.426608e+10,3.0861697e+10,-5.28084e+10,1.5697964e+12,-7.2807927e+12,2.0092811e+13,0.0,-1.56681e+12,2.0359251e+12,0.0,-2.865748e+13,0.0,-1.1885028e+14,3.8813908e+14,4.6768436e+15,-4.1819997e+15,1.1590526e+17,2.1784766e+16,1.6528147e+18,,,,,,,,,,,,,,,,,,,,,,,,,,,,,,,,,,,,,,,,,,,,,,,,,,,,,,,,,,,,,,,,,,,,,,,,,,,,,,,,,,,,,,,,,,,,,,,,,,,,,,,,,,,,,,,,,,,,,,,,,,,,,,,,,,,,,,,,,,,,,,,,,,,,,,,,,,,,,,,,,,,,,,,,,,,,,,,,,,,,,,,,,,,,,,,,,,,,,,,,,,,,,,,,,,,,,,,,,,,,,,,,,,,,,,,,,,,,,,,,,,,,,,,,,,,,,,,,,,,,,,,,,,,,,,,,,,,,,,,,,,,,,,,,,,,,,,,,,,,,,,,,,,,,,,,,,,,,,,,,,,,,,,,,,,,,,,,,,,,,,,,,,,,,,,,,,,,,,,,,,,,,,,,,,,,,,,,,,,,,,,,,,,,,,,,,,,,,,,,,,,,,,,,,,,,,,,,,,,,,,,,,,,,,,,,,,,,,,,,,,,,,,,,,,,,,,,,,,,,,,,,,,,,,,,,,,,,,,,,,,,,,,,,,,,,,,,,,,,,,,,,,,,,,,,,,,,,,,,,,,,,,,,,,,,,,,,,,,,,,,,,,,,,,,,,,,,,,,,,,,,,,,,,,,,,,,,,,,,,,,,,,,,,,,,,,,,,,,,,,,,,,,,,,,,,,,,,,,,,,,,,,,,,,,,,,,,,,,,,,,,,,,,,,,,,,,,,,,,,,,,,,,,,,,,,,,,,,,,,,,,,,,,,,,,,,,,,,,,,,,,,,,,,,,,,,,,,,,,,,,,,,,,,,,,,,,,,,,,,,,,,,,,,,,,,,,,,,,,,,,,,,,,,,,,,,,,,,,,,,,,,,,,,,,,,,,,,,,,,,,,,,,,,,,,,,,,,,,,,,,,,,,,,,,,,,,,,,,,,,,,,,,,,,,,,,,,,,,,,,,,,,,,,,,,,,,,,,,,,,,,,,,,,,,,,,,,,,,,,,,,,,,,,,,,,,,,,,,,,,,,,,,,,,,,,,,,,,,,,,,,,,,,,,,,,,,,,,,,,,,,,,,,,,,,,,,,,,,,,,,,,,,,,,,,,,,,,,,,,,,,,,,,,,,,,,,,,,,,,,,,,,,,,,,,,,,,,,,,,,,,,,,,,,,,,,,,,,,,,,,,,,,,,,,,,,,,,,,,,,,,,,,,,,,,,,,,,,,,,,,,,,,,,,,,,,,,,,,,,,,,,,,,,,,,,,,,,,,,,,,,,,,,,,,,,,,,,,,,,,,,,,,,,,,,,,,,,,,,,,,,,,,,,,,,,,,,,,,,,,,,,,,
287.1743,287.20877,287.23376,287.2533,287.2677,287.2773,287.28214,287.28262,287.27972,287.27255,287.2638,287.25073,287.24136,287.2264,287.21936,287.20288,287.20178,287.18207,287.1922,287.16397,287.19534,287.14923,287.21725,287.11224,287.2819,287.04086,287.42407,286.852,287.72754,286.42465,288.3596,285.48395,289.71,283.4029,292.81763,278.44064,300.04028,265.25186,317.51053,238.70125,358.23462,177.11272,459.47232,30.3036,673.281,-292.8775,1166.999,-1030.1333,2264.2222,-2678.6938,4732.6724,-6755.086,10789.866,-15456.062,23908.967,-35140.21,53432.484,-79427.4,119861.42,-179073.7,269321.72,-403249.4,605598.9,-907675.6,1.3622338e+06,-2.0426289e+06,3.064664e+06,-4.596279e+06,6.895133e+06,-1.0341983e+07,1.5513714e+07,-2.3269826e+07,3.4905464e+07,-5.2357484e+07,7.853702e+07,-1.1780489e+08,1.7670778e+08,-2.6506064e+08,3.97592e+08,-5.963883e+08,8.945809e+08,-1.3418715e+09,2.0128036e+09,-3.0192072e+09,4.528767e+09,-6.7931464e+09,1.0189715e+10,-1.5284566e+10,2.2926828e+10,-3.4390282e+10,5.1585294e+10,-7.737797e+10,1.1606697e+11,-1.7410038e+11,2.6115067e+11,-3.9172597e+11,5.875889e+11,-8.813837e+11,1.3220756e+12,-1.9831163e+12,2.9746748e+12,-4.462004e+12,6.6930024e+12,-1.0039483e+13,,,,,,,,,,,,,,,,,,,,,,,,,,,,,,,,,,,,,,,,,,,,,,,,,,,,,,,,,,,,,,,,,,,,,,,,,,,,,,,,,,,,,,,,,,,,,,,,,,,,,,,,,,,,,,,,,,,,,,,,,,,,,,,,,,,,,,,,,,,,,,,,,,,,,,,,,,,,,,,,,,,,,,,,,,,,,,,,,,,,,,,,,,,,,,,,,,,,,,,,,,,,,,,,,,,,,,,,,,,,,,,,,,,,,,,,,,,,,,,,,,,,,,,,,,,,,,,,,,,,,,,,,,,,,,,,,,,,,,,,,,,,,,,,,,,,,,,,,,,,,,,,,,,,,,,,,,,,,,,,,,,,,,,,,,,,,,,,,,,,,,,,,,,,,,,,,,,,,,,,,,,,,,,,,,,,,,,,,,,,,,,,,,,,,,,,,,,,,,,,,,,,,,,,,,,,,,,,,,,,,,,,,,,,,,,,,,,,,,,,,,,,,,,,,,,,,,,,,,,,,,,,,,,,,,,,,,,,,,,,,,,,,,,,,,,,,,,,,,,,,,,,,,,,,,,,,,,,,,,,,,,,,,,,,,,,,,,,,,,,,,,,,,,,,,,,,,,,,,,,,,,,,,,,,,,,,,,,,,,,,,,,,,,,,,,,,,,,,,,,,,,,,,,,,,,,,,,,,,,,,,,,,,,,,,,,,,,,,,,,,,,,,,,,,,,,,,,,,,,,,,,,,,,,,,,,,,,,,,,,,,,,,,,,,,,,,,,,,,,,,,,,,,,,,,,,,,,,,,,,,,,,,,,,,,,,,,,,,,,,,,,,,,,,,,,,,,,,,,,,,,,,,,,,,,,,,,,,,,,,,,,,,,,,,,,,,,,,,,,,,,,,,,,,,,,,,,,,,,,,,,,,,,,,,,,,,,,,,,,,,,,,,,,,,,,,,,,,,,,,,,,,,,,,,,,,,,,,,,,,,,,,,,,,,,,,,,,,,,,,,,,,,,,,,,,,,,,,,,,,,,,,,,,,,,,,,,,,,,,,,,,,,,,,,,,,,,,,,,,,,,,,,,,,,,,,,,,,,,,,,,,,,,,,,,,,,,,,,,,,,,,,,,,,,,,,,,,,,,,,,,,,,,,,,,,,,,,,,,,,,,,,,,,,,,,,,,,,,,,,,,,,,,,,,,,,,,,,,,,,,,,,,,,,,,,,,,,,,,,,,,,,,,,,,,,,,,,,,,,,,,,,,,,,,,,,,,,,,,,,,,,,,,,,,,,,,,,,,,,,,,,,,,,,,,,,,,,,,,,,,,,,,,,,,,,,,,,,,,,,,,,,,
287.15384,287.1895,287.2137,287.23294,287.24753,287.25763,287.26315,287.26498,287.263,287.25723,287.24835,287.2364,287.22885,287.21368,287.20963,287.1905,287.19504,287.16833,287.18942,287.14664,287.19876,287.1255,287.23224,287.06918,287.3232,286.95676,287.52316,286.67804,287.96405,286.03702,288.9228,284.55914,291.1231,281.30658,296.05988,273.90335,307.15247,257.29556,332.08838,219.91508,388.18726,135.79659,514.3956,-53.49252,798.3364,-479.3848,1437.2233,-1437.5691,2875.27,-3592.9048,6107.628,-8443.072,13383.052,-19356.445,29749.303,-43928.84,66680.96,-99198.625,149353.03,-223347.22,335970.22,-502399.44,744908.0,-1.1404225e+06,1.8124201e+06,-2.5579548e+06,3.8258958e+06,-6.07742e+06,9.588296e+06,-1.3853525e+07,1.5061839e+07,-1.4985449e+07,3.5855e+07,-5.5948332e+07,8.607916e+07,-1.4620653e+08,4.6293715e+08,-1.4534637e+08,-8.7219576e+07,-2.2369528e+09,7.49501e+09,-1.0951857e+10,2.351937e+10,-2.741482e+10,4.47246e+10,-6.00838e+10,3.8913724e+10,-6.0944253e+10,1.5366276e+12,-6.6154555e+12,1.884891e+13,-0.0,0.0,-0.0,-0.0,-2.9212522e+13,6.6015405e+13,-2.6319117e+14,6.7025985e+14,4.319283e+15,-3.5325024e+15,1.176375e+17,0.0,1.6938815e+18,,,,,,,,,,,,,,,,,,,,,,,,,,,,,,,,,,,,,,,,,,,,,,,,,,,,,,,,,,,,,,,,,,,,,,,,,,,,,,,,,,,,,,,,,,,,,,,,,,,,,,,,,,,,,,,,,,,,,,,,,,,,,,,,,,,,,,,,,,,,,,,,,,,,,,,,,,,,,,,,,,,,,,,,,,,,,,,,,,,,,,,,,,,,,,,,,,,,,,,,,,,,,,,,,,,,,,,,,,,,,,,,,,,,,,,,,,,,,,,,,,,,,,,,,,,,,,,,,,,,,,,,,,,,,,,,,,,,,,,,,,,,,,,,,,,,,,,,,,,,,,,,,,,,,,,,,,,,,,,,,,,,,,,,,,,,,,,,,,,,,,,,,,,,,,,,,,,,,,,,,,,,,,,,,,,,,,,,,,,,,,,,,,,,,,,,,,,,,,,,,,,,,,,,,,,,,,,,,,,,,,,,,,,,,,,,,,,,,,,,,,,,,,,,,,,,,,,,,,,,,,,,,,,,,,,,,,,,,,,,,,,,,,,,,,,,,,,,,,,,,,,,,,,,,,,,,,,,,,,,,,,,,,,,,,,,,,,,,,,,,,,,,,,,,,,,,,,,,,,,,,,,,,,,,,,,,,,,,,,,,,,,,,,,,,,,,,,,,,,,,,,,,,,,,,,,,,,,,,,,,,,,,,,,,,,,,,,,,,,,,,,,,,,,,,,,,,,,,,,,,,,,,,,,,,,,,,,,,,,,,,,,,,,,,,,,,,,,,,,,,,,,,,,,,,,,,,,,,,,,,,,,,,,,,,,,,,,,,,,,,,,,,,,,,,,,,,,,,,,,,,,,,,,,,,,,,,,,,,,,,,,,,,,,,,,,,,,,,,,,,,,,,,,,,,,,,,,,,,,,,,,,,,,,,,,,,,,,,,,,,,,,,,,,,,,,,,,,,,,,,,,,,,,,,,,,,,,,,,,,,,,,,,,,,,,,,,,,,,,,,,,,,,,,,,,,,,,,,,,,,,,,,,,,,,,,,,,,,,,,,,,,,,,,,,,,,,,,,,,,,,,,,,,,,,,,,,,,,,,,,,,,,,,,,,,,,,,,,,,,,,,,,,,,,,,,,,,,,,,,,,,,,,,,,,,,,,,,,,,,,,,,,,,,,,,,,,,,,,,,,,,,,,,,,,,,,,,,,,,,,,,,,,,,,,,,,,,,,,,,,,,,,,,,,,,,,,,,,,,,,,,,,,,,,,,,,,,,,,,,,,,,,,,,,,,,,,,,,,,,,,,,,,,,,,,,,,,,,,,,,,,,,,,,,,,,,,,,,,,,,,,,,
287.13293,287.16833,287.18863,287.20657,287.21948,287.22943,287.23428,287.23755,287.2352,287.2315,287.21933,287.21304,287.203,287.19415,287.18643,287.17456,287.17383,287.15564,287.1694,287.13766,287.17804,287.12387,287.20123,287.0822,287.27066,287.00186,287.4262,286.78967,287.76086,286.31256,288.46515,285.25925,289.9802,282.93253,293.4537,277.42114,301.49683,263.00815,320.79428,233.70766,365.6461,165.92126,476.18472,5.153153,710.92395,-349.42648,1251.7372,-1157.3291,2454.9253,-2964.8408,5161.7983,-7398.8633,11755.433,-16904.512,26081.541,-38399.176,58320.83,-86760.016,130860.22,-195572.05,294069.16,-440370.62,661280.56,-991198.3,1.4875176e+06,-2.2305548e+06,3.3465528e+06,-5.0191125e+06,7.529382e+06,-1.1293357e+07,1.6940774e+07,-2.5410418e+07,3.8116356e+07,-5.7173824e+07,8.576154e+07,-1.2864163e+08,1.929629e+08,-2.8944333e+08,4.3416598e+08,-6.512492e+08,9.768723e+08,-1.4653087e+09,2.1979592e+09,-3.2969408e+09,4.945368e+09,-7.418048e+09,1.1127069e+10,-1.6690597e+10,2.5035872e+10,-3.7553844e+10,5.6330637e+10,-8.449598e+10,1.2674398e+11,-1.901159e+11,2.8517397e+11,-4.2776098e+11,6.416414e+11,-9.624625e+11,1.4436937e+12,-2.1655437e+12,3.248316e+12,-4.872466e+12,7.308695e+12,-1.096302e+13,,,,,,,,,,,,,,,,,,,,,,,,,,,,,,,,,,,,,,,,,,,,,,,,,,,,,,,,,,,,,,,,,,,,,,,,,,,,,,,,,,,,,,,,,,,,,,,,,,,,,,,,,,,,,,,,,,,,,,,,,,,,,,,,,,,,,,,,,,,,,,,,,,,,,,,,,,,,,,,,,,,,,,,,,,,,,,,,,,,,,,,,,,,,,,,,,,,,,,,,,,,,,,,,,,,,,,,,,,,,,,,,,,,,,,,,,,,,,,,,,,,,,,,,,,,,,,,,,,,,,,,,,,,,,,,,,,,,,,,,,,,,,,,,,,,,,,,,,,,,,,,,,,,,,,,,,,,,,,,,,,,,,,,,,,,,,,,,,,,,,,,,,,,,,,,,,,,,,,,,,,,,,,,,,,,,,,,,,,,,,,,,,,,,,,,,,,,,,,,,,,,,,,,,,,,,,,,,,,,,,,,,,,,,,,,,,,,,,,,,,,,,,,,,,,,,,,,,,,,,,,,,,,,,,,,,,,,,,,,,,,,,,,,,,,,,,,,,,,,,,,,,,,,,,,,,,,,,,,,,,,,,,,,,,,,,,,,,,,,,,,,,,,,,,,,,,,,,,,,,,,,,,,,,,,,,,,,,,,,,,,,,,,,,,,,,,,,,,,,,,,,,,,,,,,,,,,,,,,,,,,,,,,,,,,,,,,,,,,,,,,,,,,,,,,,,,,,,,,,,,,,,,,,,,,,,,,,,,,,,,,,,,,,,,,,,,,,,,,,,,,,,,,,,,,,,,,,,,,,,,,,,,,,,,,,,,,,,,,,,,,,,,,,,,,,,,,,,,,,,,,,,,,,,,,,,,,,,,,,,,,,,,,,,,,,,,,,,,,,,,,,,,,,,,,,,,,,,,,,,,,,,,,,,,,,,,,,,,,,,,,,,,,,,,,,,,,,,,,,,,,,,,,,,,,,,,,,,,,,,,,,,,,,,,,,,,,,,,,,,,,,,,,,,,,,,,,,,,,,,,,,,,,,,,,,,,,,,,,,,,,,,,,,,,,,,,,,,,,,,,,,,,,,,,,,,,,,,,,,,,,,,,,,,,,,,,,,,,,,,,,,,,,,,,,,,,,,,,,,,,,,,,,,,,,,,,,,,,,,,,,,,,,,,,,,,,,,,,,,,,,,,,,,,,,,,,,,,,,,,,,,,,,,,,,,,,,,,,,,,,,,,,,,,,,,,,,,,,,,,,,,,,,,,,,,,,,,,,,,,,,,,,,,,,,,,,,,,,,,,,,,,,,,,,,,,,,,,,,,,,,,,,,,,,,,,,,,,,,,,,,,,,
287.1118,287.14307,287.1547,287.17123,287.17804,287.18893,287.18903,287.1965,287.18906,287.19095,287.16724,287.18,287.1518,287.17157,287.1334,287.16592,287.11404,287.16693,287.09387,287.18234,287.06833,287.23468,286.96957,287.38184,286.78384,287.69104,286.35056,288.36493,285.3665,289.86523,283.11627,293.20673,278.09192,300.78973,266.77655,317.76178,241.30591,355.98434,183.99948,441.9746,55.03426,635.454,-235.16562,1070.7789,-888.1422,2050.2612,-2357.3203,4254.1753,-5662.3784,9213.38,-13101.864,20371.078,-29838.27,45475.344,-67498.69,101940.73,-152126.53,229009.78,-342957.94,515152.72,-771763.3,1.1591505e+06,-1.7481508e+06,2.6033825e+06,-3.8017945e+06,5.865344e+06,-8.792573e+06,1.2933654e+07,-1.8885824e+07,2.8704024e+07,-4.831299e+07,8.037122e+07,-1.0479462e+08,1.5684427e+08,-2.3355058e+08,3.3421645e+08,-2.4839893e+08,9.2922394e+08,-1.617379e+09,0.0,4.1993254e+09,-6.141677e+09,1.5977221e+10,-1.6049867e+10,2.7585825e+10,-3.648202e+10,-0.0,-0.0,1.6071633e+12,-7.2735885e+12,2.01636e+13,-0.0,0.0,-0.0,-0.0,-0.0,-0.0,-0.0,-0.0,5.092999e+15,-4.593519e+15,1.1748808e+17,0.0,1.6890568e+18,,,,,,,,,,,,,,,,,,,,,,,,,,,,,,,,,,,,,,,,,,,,,,,,,,,,,,,,,,,,,,,,,,,,,,,,,,,,,,,,,,,,,,,,,,,,,,,,,,,,,,,,,,,,,,,,,,,,,,,,,,,,,,,,,,,,,,,,,,,,,,,,,,,,,,,,,,,,,,,,,,,,,,,,,,,,,,,,,,,,,,,,,,,,,,,,,,,,,,,,,,,,,,,,,,,,,,,,,,,,,,,,,,,,,,,,,,,,,,,,,,,,,,,,,,,,,,,,,,,,,,,,,,,,,,,,,,,,,,,,,,,,,,,,,,,,,,,,,,,,,,,,,,,,,,,,,,,,,,,,,,,,,,,,,,,,,,,,,,,,,,,,,,,,,,,,,,,,,,,,,,,,,,,,,,,,,,,,,,,,,,,,,,,,,,,,,,,,,,,,,,,,,,,,,,,,,,,,,,,,,,,,,,,,,,,,,,,,,,,,,,,,,,,,,,,,,,,,,,,,,,,,,,,,,,,,,,,,,,,,,,,,,,,,,,,,,,,,,,,,,,,,,,,,,,,,,,,,,,,,,,,,,,,,,,,,,,,,,,,,,,,,,,,,,,,,,,,,,,,,,,,,,,,,,,,,,,,,,,,,,,,,,,,,,,,,,,,,,,,,,,,,,,,,,,,,,,,,,,,,,,,,,,,,,,,,,,,,,,,,,,,,,,,,,,,,,,,,,,,,,,,,,,,,,,,,,,,,,,,,,,,,,,,,,,,,,,,,,,,,,,,,,,,,,,,,,,,,,,,,,,,,,,,,,,,,,,,,,,,,,,,,,,,,,,,,,,,,,,,,,,,,,,,,,,,,,,,,,,,,,,,,,,,,,,,,,,,,,,,,,,,,,,,,,,,,,,,,,,,,,,,,,,,,,,,,,,,,,,,,,,,,,,,,,,,,,,,,,,,,,,,,,,,,,,,,,,,,,,,,,,,,,,,,,,,,,,,,,,,,,,,,,,,,,,,,,,,,,,,,,,,,,,,,,,,,,,,,,,,,,,,,,,,,,,,,,,,,,,,,,,,,,,,,,,,,,,,,,,,,,,,,,,,,,,,,,,,,,,,,,,,,,,,,,,,,,,,,,,,,,,,,,,,,,,,,,,,,,,,,,,,,,,,,,,,,,,,,,,,,,,,,,,,,,,,,,,,,,,,,,,,,,,,,,,,,,,,,,,,,,,,,,,,,,,,,,,,,,,,,,,,,,,,,,,,,,,,,,,,,,,,,,,,,,,,,,,,,,,,,,,,,,,,,,,,,,,,,,,,,,,,,,,,,,,,,,,,,,,,,,,,,,
287.09058,287.10724,287.1073,287.11993,287.11533,287.1295,287.1168,287.137,287.111,287.13104,287.074,287.143,287.04553,287.16946,286.9978,287.22083,286.91742,287.31824,286.77625,287.50497,286.51126,287.89258,285.88678,288.803,284.52625,290.8593,281.43127,295.49533,274.44263,305.9568,258.66925,329.55515,223.11932,382.71463,143.23624,502.07693,-36.21967,768.6147,-438.62848,1371.4421,-1342.6576,2725.8945,-3367.6985,5762.282,-7875.74,12537.212,-18074.521,27834.629,-41031.0,62265.707,-92682.6,139369.03,-208395.3,313322.62,-469258.2,704611.3,-1.056194e+06,1.5850131e+06,-2.3767988e+06,3.5659172e+06,-5.348164e+06,8.0229795e+06,-1.2033744e+07,1.805134e+07,-2.7076284e+07,4.0615144e+07,-6.0921996e+07,9.138371e+07,-1.3707488e+08,2.0561302e+08,-3.0841878e+08,4.626289e+08,-6.939426e+08,1.0409146e+09,-1.561371e+09,2.3420572e+09,-3.5130854e+09,5.2696294e+09,-7.9044444e+09,1.1856668e+10,-1.7785002e+10,2.6677502e+10,-4.0016253e+10,6.0024373e+10,-9.003661e+10,1.3505492e+11,-2.0258238e+11,3.038736e+11,-4.5581042e+11,6.837155e+11,-1.0255733e+12,1.5383601e+12,-2.3075399e+12,3.4613095e+12,-5.1919643e+12,7.7879464e+12,-1.1681921e+13,1.752288e+13,-2.628432e+13,3.942648e+13,-5.9139716e+13,8.870958e+13,-1.3306438e+14,1.9959658e+14,-inf,,,,,,,,,,,,,,,,,,,,,,,,,,,,,,,,,,,,,,,,,,,,,,,,,,,,,,,,,,,,,,,,,,,,,,,,,,,,,,,,,,,,,,,,,,,,,,,,,,,,,,,,,,,,,,,,,,,,,,,,,,,,,,,,,,,,,,,,,,,,,,,,,,,,,,,,,,,,,,,,,,,,,,,,,,,,,,,,,,,,,,,,,,,,,,,,,,,,,,,,,,,,,,,,,,,,,,,,,,,,,,,,,,,,,,,,,,,,,,,,,,,,,,,,,,,,,,,,,,,,,,,,,,,,,,,,,,,,,,,,,,,,,,,,,,,,,,,,,,,,,,,,,,,,,,,,,,,,,,,,,,,,,,,,,,,,,,,,,,,,,,,,,,,,,,,,,,,,,,,,,,,,,,,,,,,,,,,,,,,,,,,,,,,,,,,,,,,,,,,,,,,,,,,,,,,,,,,,,,,,,,,,,,,,,,,,,,,,,,,,,,,,,,,,,,,,,,,,,,,,,,,,,,,,,,,,,,,,,,,,,,,,,,,,,,,,,,,,,,,,,,,,,,,,,,,,,,,,,,,,,,,,,,,,,,,,,,,,,,,,,,,,,,,,,,,,,,,,,,,,,,,,,,,,,,,,,,,,,,,,,,,,,,,,,,,,,,,,,,,,,,,,,,,,,,,,,,,,,,,,,,,,,,,,,,,,,,,,,,,,,,,,,,,,,,,,,,,,,,,,,,,,,,,,,,,,,,,,,,,,,,,,,,,,,,,,,,,,,,,,,,,,,,,,,,,,,,,,,,,,,,,,,,,,,,,,,,,,,,,,,,,,,,,,,,,,,,,,,,,,,,,,,,,,,,,,,,,,,,,,,,,,,,,,,,,,,,,,,,,,,,,,,,,,,,,,,,,,,,,,,,,,,,,,,,,,,,,,,,,,,,,,,,,,,,,,,,,,,,,,,,,,,,,,,,,,,,,,,,,,,,,,,,,,,,,,,,,,,,,,,,,,,,,,,,,,,,,,,,,,,,,,,,,,,,,,,,,,,,,,,,,,,,,,,,,,,,,,,,,,,,,,,,,,,,,,,,,,,,,,,,,,,,,,,,,,,,,,,,,,,,,,,,,,,,,,,,,,,,,,,,,,,,,,,,,,,,,,,,,,,,,,,,,,,,,,,,,,,,,,,,,,,,,,,,,,,,,,,,,,,,,,,,,,,,,,,,,,,,,,,,,,,,,,,,,,,,,,,,,,,,,,,,,,,,,,,,,,,,,,,,,,,,,,,,,,,,,,,,,,,,,,,,,,,,,,,,,,,,,,,,,,,,,,,,,,,,,,,,,,,,,,
